run,step,epoch_accuracy,epoch_loss
fit/_EfficientNetB0_Adam_categorical_crossentropy_15/train,0,0.7417377829551697,0.6895818114280701
fit/_EfficientNetB0_Adam_categorical_crossentropy_15/train,1,0.8883782029151917,0.3173570930957794
fit/_EfficientNetB0_Adam_categorical_crossentropy_15/train,2,0.9179251194000244,0.21889562904834747
fit/_EfficientNetB0_Adam_categorical_crossentropy_15/train,3,0.9398117661476135,0.17523349821567535
fit/_EfficientNetB0_Adam_categorical_crossentropy_15/train,4,0.9463777542114258,0.1487514227628708
fit/_EfficientNetB0_Adam_categorical_crossentropy_15/train,5,0.9544758200645447,0.13104835152626038
fit/_EfficientNetB0_Adam_categorical_crossentropy_15/train,6,0.9647625088691711,0.10393429547548294
fit/_EfficientNetB0_Adam_categorical_crossentropy_15/train,7,0.9689210057258606,0.09226568043231964
fit/_EfficientNetB0_Adam_categorical_crossentropy_15/train,8,0.9726417064666748,0.08389431983232498
fit/_EfficientNetB0_Adam_categorical_crossentropy_15/train,9,0.973736047744751,0.08101947605609894
fit/_EfficientNetB0_Adam_categorical_crossentropy_15/train,10,0.9768002033233643,0.07017922401428223
fit/_EfficientNetB0_Adam_categorical_crossentropy_15/train,11,0.9794265627861023,0.06513945013284683
fit/_EfficientNetB0_Adam_categorical_crossentropy_15/train,12,0.9798642992973328,0.062082499265670776
fit/_EfficientNetB0_Adam_categorical_crossentropy_15/train,13,0.9816152453422546,0.060210295021533966
fit/_EfficientNetB0_Adam_categorical_crossentropy_15/train,14,0.9809586405754089,0.05459986627101898
fit/_EfficientNetB0_Adam_categorical_crossentropy_15/validation,0,0.2983376979827881,15.921231269836426
fit/_EfficientNetB0_Adam_categorical_crossentropy_15/validation,1,0.26334208250045776,1.7504723072052002
fit/_EfficientNetB0_Adam_categorical_crossentropy_15/validation,2,0.38232719898223877,1.2580163478851318
fit/_EfficientNetB0_Adam_categorical_crossentropy_15/validation,3,0.3009623885154724,1.3349601030349731
fit/_EfficientNetB0_Adam_categorical_crossentropy_15/validation,4,0.3097112774848938,7.183808326721191
fit/_EfficientNetB0_Adam_categorical_crossentropy_15/validation,5,0.44619423151016235,1.3527766466140747
fit/_EfficientNetB0_Adam_categorical_crossentropy_15/validation,6,0.2703412175178528,2.0710182189941406
fit/_EfficientNetB0_Adam_categorical_crossentropy_15/validation,7,0.33158355951309204,44.46907043457031
fit/_EfficientNetB0_Adam_categorical_crossentropy_15/validation,8,0.2852143347263336,1.5718247890472412
fit/_EfficientNetB0_Adam_categorical_crossentropy_15/validation,9,0.27909010648727417,2.186258316040039
fit/_EfficientNetB0_Adam_categorical_crossentropy_15/validation,10,0.3210848569869995,2.000030517578125
fit/_EfficientNetB0_Adam_categorical_crossentropy_15/validation,11,0.26859143376350403,1.5576163530349731
fit/_EfficientNetB0_Adam_categorical_crossentropy_15/validation,12,0.27121609449386597,2.1261370182037354
fit/_EfficientNetB0_Adam_categorical_crossentropy_15/validation,13,0.2904636859893799,1.3695247173309326
fit/_EfficientNetB0_Adam_categorical_crossentropy_15/validation,14,0.3044619560241699,1.7897850275039673
fit/_EfficientNetB0_Adam_categorical_hinge_15/train,0,0.7069380879402161,0.5907464623451233
fit/_EfficientNetB0_Adam_categorical_hinge_15/train,1,0.8139636516571045,0.3753769099712372
fit/_EfficientNetB0_Adam_categorical_hinge_15/train,2,0.8695557117462158,0.26635053753852844
fit/_EfficientNetB0_Adam_categorical_hinge_15/train,3,0.8896914124488831,0.2290387749671936
fit/_EfficientNetB0_Adam_categorical_hinge_15/train,4,0.9072006940841675,0.19248491525650024
fit/_EfficientNetB0_Adam_categorical_hinge_15/train,5,0.9166119694709778,0.17228208482265472
fit/_EfficientNetB0_Adam_categorical_hinge_15/train,6,0.917706310749054,0.16969215869903564
fit/_EfficientNetB0_Adam_categorical_hinge_15/train,7,0.9349967241287231,0.135817289352417
fit/_EfficientNetB0_Adam_categorical_hinge_15/train,8,0.9374042749404907,0.13074810802936554
fit/_EfficientNetB0_Adam_categorical_hinge_15/train,9,0.9415627121925354,0.1185012087225914
fit/_EfficientNetB0_Adam_categorical_hinge_15/train,10,0.9393740296363831,0.12217854708433151
fit/_EfficientNetB0_Adam_categorical_hinge_15/train,11,0.9452834129333496,0.11208043992519379
fit/_EfficientNetB0_Adam_categorical_hinge_15/train,12,0.9498796463012695,0.10442552715539932
fit/_EfficientNetB0_Adam_categorical_hinge_15/train,13,0.9562267661094666,0.08918701857328415
fit/_EfficientNetB0_Adam_categorical_hinge_15/train,14,0.9437513947486877,0.11431954056024551
fit/_EfficientNetB0_Adam_categorical_hinge_15/validation,0,0.24059492349624634,1.4371074438095093
fit/_EfficientNetB0_Adam_categorical_hinge_15/validation,1,0.24146981537342072,1.410879135131836
fit/_EfficientNetB0_Adam_categorical_hinge_15/validation,2,0.34645670652389526,0.9670109152793884
fit/_EfficientNetB0_Adam_categorical_hinge_15/validation,3,0.29658791422843933,1.209829568862915
fit/_EfficientNetB0_Adam_categorical_hinge_15/validation,4,0.4794400632381439,0.8810103535652161
fit/_EfficientNetB0_Adam_categorical_hinge_15/validation,5,0.35520559549331665,1.0145715475082397
fit/_EfficientNetB0_Adam_categorical_hinge_15/validation,6,0.5931758284568787,0.7608458399772644
fit/_EfficientNetB0_Adam_categorical_hinge_15/validation,7,0.47069117426872253,0.9801660776138306
fit/_EfficientNetB0_Adam_categorical_hinge_15/validation,8,0.8276465535163879,0.350963830947876
fit/_EfficientNetB0_Adam_categorical_hinge_15/validation,9,0.25284337997436523,1.1535682678222656
fit/_EfficientNetB0_Adam_categorical_hinge_15/validation,10,0.6229221224784851,0.7172301411628723
fit/_EfficientNetB0_Adam_categorical_hinge_15/validation,11,0.24059492349624634,1.4049344062805176
fit/_EfficientNetB0_Adam_categorical_hinge_15/validation,12,0.33070865273475647,1.103879451751709
fit/_EfficientNetB0_Adam_categorical_hinge_15/validation,13,0.6395450830459595,0.6712284684181213
fit/_EfficientNetB0_Adam_categorical_hinge_15/validation,14,0.3009623885154724,1.3397020101547241
fit/_EfficientNetB0_Adam_kl_divergence_15/train,0,0.7518056631088257,0.6732115745544434
fit/_EfficientNetB0_Adam_kl_divergence_15/train,1,0.8914423584938049,0.3121306896209717
fit/_EfficientNetB0_Adam_kl_divergence_15/train,2,0.9201138019561768,0.22195316851139069
fit/_EfficientNetB0_Adam_kl_divergence_15/train,3,0.9382796883583069,0.1744021326303482
fit/_EfficientNetB0_Adam_kl_divergence_15/train,4,0.9494419097900391,0.15099872648715973
fit/_EfficientNetB0_Adam_kl_divergence_15/train,5,0.956664502620697,0.127463236451149
fit/_EfficientNetB0_Adam_kl_divergence_15/train,6,0.9656379818916321,0.10405232757329941
fit/_EfficientNetB0_Adam_kl_divergence_15/train,7,0.9643247723579407,0.09918641299009323
fit/_EfficientNetB0_Adam_kl_divergence_15/train,8,0.9656379818916321,0.09799470007419586
fit/_EfficientNetB0_Adam_kl_divergence_15/train,9,0.9706718921661377,0.08128409087657928
fit/_EfficientNetB0_Adam_kl_divergence_15/train,10,0.9754869937896729,0.06860129535198212
fit/_EfficientNetB0_Adam_kl_divergence_15/train,11,0.9750492572784424,0.06993886083364487
fit/_EfficientNetB0_Adam_kl_divergence_15/train,12,0.9783322215080261,0.06146921589970589
fit/_EfficientNetB0_Adam_kl_divergence_15/train,13,0.9811775088310242,0.053205180913209915
fit/_EfficientNetB0_Adam_kl_divergence_15/train,14,0.9785510897636414,0.06226611137390137
fit/_EfficientNetB0_Adam_kl_divergence_15/validation,0,0.3009623885154724,1.3684204816818237
fit/_EfficientNetB0_Adam_kl_divergence_15/validation,1,0.34820646047592163,1.3364338874816895
fit/_EfficientNetB0_Adam_kl_divergence_15/validation,2,0.23884513974189758,1.4270269870758057
fit/_EfficientNetB0_Adam_kl_divergence_15/validation,3,0.3858267664909363,1.4458245038986206
fit/_EfficientNetB0_Adam_kl_divergence_15/validation,4,0.3018372654914856,1.3063194751739502
fit/_EfficientNetB0_Adam_kl_divergence_15/validation,5,0.29921260476112366,1.6709086894989014
fit/_EfficientNetB0_Adam_kl_divergence_15/validation,6,0.26334208250045776,2.2516894340515137
fit/_EfficientNetB0_Adam_kl_divergence_15/validation,7,0.19160105288028717,1.791685938835144
fit/_EfficientNetB0_Adam_kl_divergence_15/validation,8,0.19772528111934662,2.2752256393432617
fit/_EfficientNetB0_Adam_kl_divergence_15/validation,9,0.24671916663646698,1.6507824659347534
fit/_EfficientNetB0_Adam_kl_divergence_15/validation,10,0.34733158349990845,1.6990315914154053
fit/_EfficientNetB0_Adam_kl_divergence_15/validation,11,0.2738407552242279,1.4695311784744263
fit/_EfficientNetB0_Adam_kl_divergence_15/validation,12,0.2747156620025635,2.0734450817108154
fit/_EfficientNetB0_Adam_kl_divergence_15/validation,13,0.28783902525901794,2.5567984580993652
fit/_EfficientNetB0_Adam_kl_divergence_15/validation,14,0.26859143376350403,1.7647796869277954
fit/_EfficientNetB0_NAdam_categorical_crossentropy_15/train,0,0.7487415075302124,0.6662495136260986
fit/_EfficientNetB0_NAdam_categorical_crossentropy_15/train,1,0.884219765663147,0.31390997767448425
fit/_EfficientNetB0_NAdam_categorical_crossentropy_15/train,2,0.924053430557251,0.21672847867012024
fit/_EfficientNetB0_NAdam_categorical_crossentropy_15/train,3,0.9435325264930725,0.16081243753433228
fit/_EfficientNetB0_NAdam_categorical_crossentropy_15/train,4,0.9525060057640076,0.13235163688659668
fit/_EfficientNetB0_NAdam_categorical_crossentropy_15/train,5,0.9555701613426208,0.12018653005361557
fit/_EfficientNetB0_NAdam_categorical_crossentropy_15/train,6,0.9724228382110596,0.09226774424314499
fit/_EfficientNetB0_NAdam_categorical_crossentropy_15/train,7,0.9669511914253235,0.09288712590932846
fit/_EfficientNetB0_NAdam_categorical_crossentropy_15/train,8,0.97286057472229,0.0781601145863533
fit/_EfficientNetB0_NAdam_categorical_crossentropy_15/train,9,0.9719851016998291,0.08241504430770874
fit/_EfficientNetB0_NAdam_categorical_crossentropy_15/train,10,0.9746115207672119,0.07063906639814377
fit/_EfficientNetB0_NAdam_categorical_crossentropy_15/train,11,0.9796454310417175,0.06631061434745789
fit/_EfficientNetB0_NAdam_categorical_crossentropy_15/train,12,0.9794265627861023,0.0576762855052948
fit/_EfficientNetB0_NAdam_categorical_crossentropy_15/train,13,0.9798642992973328,0.05084310844540596
fit/_EfficientNetB0_NAdam_categorical_crossentropy_15/train,14,0.9840227365493774,0.048204947263002396
fit/_EfficientNetB0_NAdam_categorical_crossentropy_15/validation,0,0.2572178542613983,2.2264814376831055
fit/_EfficientNetB0_NAdam_categorical_crossentropy_15/validation,1,0.35870516300201416,1.777313232421875
fit/_EfficientNetB0_NAdam_categorical_crossentropy_15/validation,2,0.3455817997455597,1.4615519046783447
fit/_EfficientNetB0_NAdam_categorical_crossentropy_15/validation,3,0.25284337997436523,1.5601717233657837
fit/_EfficientNetB0_NAdam_categorical_crossentropy_15/validation,4,0.2729658782482147,2.059988260269165
fit/_EfficientNetB0_NAdam_categorical_crossentropy_15/validation,5,0.2703412175178528,2.1346867084503174
fit/_EfficientNetB0_NAdam_categorical_crossentropy_15/validation,6,0.3184601962566376,188.8590545654297
fit/_EfficientNetB0_NAdam_categorical_crossentropy_15/validation,7,0.3298337757587433,5.057171821594238
fit/_EfficientNetB0_NAdam_categorical_crossentropy_15/validation,8,0.3324584364891052,1.4513306617736816
fit/_EfficientNetB0_NAdam_categorical_crossentropy_15/validation,9,0.2747156620025635,1.921873927116394
fit/_EfficientNetB0_NAdam_categorical_crossentropy_15/validation,10,0.483814537525177,1.66802978515625
fit/_EfficientNetB0_NAdam_categorical_crossentropy_15/validation,11,0.2703412175178528,2.7316925525665283
fit/_EfficientNetB0_NAdam_categorical_crossentropy_15/validation,12,0.2738407552242279,3.2090466022491455
fit/_EfficientNetB0_NAdam_categorical_crossentropy_15/validation,13,0.2703412175178528,2.595223903656006
fit/_EfficientNetB0_NAdam_categorical_crossentropy_15/validation,14,0.40332457423210144,1.4937868118286133
fit/_EfficientNetB0_NAdam_categorical_hinge_15/train,0,0.6997154951095581,0.599777340888977
fit/_EfficientNetB0_NAdam_categorical_hinge_15/train,1,0.8233749270439148,0.3588782548904419
fit/_EfficientNetB0_NAdam_categorical_hinge_15/train,2,0.8629897236824036,0.2784252464771271
fit/_EfficientNetB0_NAdam_categorical_hinge_15/train,3,0.8883782029151917,0.23038828372955322
fit/_EfficientNetB0_NAdam_categorical_hinge_15/train,4,0.9163931012153625,0.17484843730926514
fit/_EfficientNetB0_NAdam_categorical_hinge_15/train,5,0.9247099757194519,0.15577048063278198
fit/_EfficientNetB0_NAdam_categorical_hinge_15/train,6,0.9284307360649109,0.14821751415729523
fit/_EfficientNetB0_NAdam_categorical_hinge_15/train,7,0.9378419518470764,0.12740997970104218
fit/_EfficientNetB0_NAdam_categorical_hinge_15/train,8,0.9376230835914612,0.12767107784748077
fit/_EfficientNetB0_NAdam_categorical_hinge_15/train,9,0.9409061074256897,0.12258903682231903
fit/_EfficientNetB0_NAdam_categorical_hinge_15/train,10,0.9424381852149963,0.12019480019807816
fit/_EfficientNetB0_NAdam_categorical_hinge_15/train,11,0.9393740296363831,0.12099047750234604
fit/_EfficientNetB0_NAdam_categorical_hinge_15/train,12,0.9490041732788086,0.10507328808307648
fit/_EfficientNetB0_NAdam_categorical_hinge_15/train,13,0.9516305327415466,0.0986492931842804
fit/_EfficientNetB0_NAdam_categorical_hinge_15/train,14,0.9553512930870056,0.09097395837306976
fit/_EfficientNetB0_NAdam_categorical_hinge_15/validation,0,0.5021872520446777,0.9074275493621826
fit/_EfficientNetB0_NAdam_categorical_hinge_15/validation,1,0.2694663107395172,1.1996901035308838
fit/_EfficientNetB0_NAdam_categorical_hinge_15/validation,2,0.2773403227329254,1.3265163898468018
fit/_EfficientNetB0_NAdam_categorical_hinge_15/validation,3,0.4006999135017395,1.0209548473358154
fit/_EfficientNetB0_NAdam_categorical_hinge_15/validation,4,0.2099737524986267,1.2864954471588135
fit/_EfficientNetB0_NAdam_categorical_hinge_15/validation,5,0.31058618426322937,1.321974754333496
fit/_EfficientNetB0_NAdam_categorical_hinge_15/validation,6,0.22134733200073242,1.4967353343963623
fit/_EfficientNetB0_NAdam_categorical_hinge_15/validation,7,0.5774278044700623,0.7763633728027344
fit/_EfficientNetB0_NAdam_categorical_hinge_15/validation,8,0.4969378709793091,0.8731026649475098
fit/_EfficientNetB0_NAdam_categorical_hinge_15/validation,9,0.46631669998168945,0.9822303652763367
fit/_EfficientNetB0_NAdam_categorical_hinge_15/validation,10,0.44269466400146484,1.015516996383667
fit/_EfficientNetB0_NAdam_categorical_hinge_15/validation,11,0.2948381304740906,1.3772361278533936
fit/_EfficientNetB0_NAdam_categorical_hinge_15/validation,12,0.35083115100860596,1.1056498289108276
fit/_EfficientNetB0_NAdam_categorical_hinge_15/validation,13,0.33158355951309204,1.1595327854156494
fit/_EfficientNetB0_NAdam_categorical_hinge_15/validation,14,0.26334208250045776,1.4727203845977783
fit/_EfficientNetB0_NAdam_kl_divergence_15/train,0,0.7467716932296753,0.6722986698150635
fit/_EfficientNetB0_NAdam_kl_divergence_15/train,1,0.8953819274902344,0.30593156814575195
fit/_EfficientNetB0_NAdam_kl_divergence_15/train,2,0.9262420535087585,0.2028108537197113
fit/_EfficientNetB0_NAdam_kl_divergence_15/train,3,0.9435325264930725,0.16342882812023163
fit/_EfficientNetB0_NAdam_kl_divergence_15/train,4,0.9516305327415466,0.13300472497940063
fit/_EfficientNetB0_NAdam_kl_divergence_15/train,5,0.9592908620834351,0.11981359124183655
fit/_EfficientNetB0_NAdam_kl_divergence_15/train,6,0.9619172811508179,0.10856583714485168
fit/_EfficientNetB0_NAdam_kl_divergence_15/train,7,0.9652002453804016,0.09350331127643585
fit/_EfficientNetB0_NAdam_kl_divergence_15/train,8,0.9667323231697083,0.09025804698467255
fit/_EfficientNetB0_NAdam_kl_divergence_15/train,9,0.9689210057258606,0.08420443534851074
fit/_EfficientNetB0_NAdam_kl_divergence_15/train,10,0.9754869937896729,0.07308255136013031
fit/_EfficientNetB0_NAdam_kl_divergence_15/train,11,0.9824907183647156,0.053008824586868286
fit/_EfficientNetB0_NAdam_kl_divergence_15/train,12,0.9759247303009033,0.06532255560159683
fit/_EfficientNetB0_NAdam_kl_divergence_15/train,13,0.9811775088310242,0.05850021913647652
fit/_EfficientNetB0_NAdam_kl_divergence_15/train,14,0.9807397723197937,0.05000409856438637
fit/_EfficientNetB0_NAdam_kl_divergence_15/validation,0,0.40682414174079895,1.316220760345459
fit/_EfficientNetB0_NAdam_kl_divergence_15/validation,1,0.38320210576057434,1.6202574968338013
fit/_EfficientNetB0_NAdam_kl_divergence_15/validation,2,0.2974628210067749,1.7696514129638672
fit/_EfficientNetB0_NAdam_kl_divergence_15/validation,3,0.26771652698516846,2.7011544704437256
fit/_EfficientNetB0_NAdam_kl_divergence_15/validation,4,0.27121609449386597,1.456298828125
fit/_EfficientNetB0_NAdam_kl_divergence_15/validation,5,0.2650918662548065,8.451120376586914
fit/_EfficientNetB0_NAdam_kl_divergence_15/validation,6,0.334208220243454,1.6149228811264038
fit/_EfficientNetB0_NAdam_kl_divergence_15/validation,7,0.2703412175178528,1.8074320554733276
fit/_EfficientNetB0_NAdam_kl_divergence_15/validation,8,0.35433071851730347,1.3117316961288452
fit/_EfficientNetB0_NAdam_kl_divergence_15/validation,9,0.2747156620025635,1.4986097812652588
fit/_EfficientNetB0_NAdam_kl_divergence_15/validation,10,0.2747156620025635,1.61500084400177
fit/_EfficientNetB0_NAdam_kl_divergence_15/validation,11,0.27646544575691223,1.5259184837341309
fit/_EfficientNetB0_NAdam_kl_divergence_15/validation,12,0.27209100127220154,2.0943000316619873
fit/_EfficientNetB0_NAdam_kl_divergence_15/validation,13,0.29658791422843933,2.944993019104004
fit/_EfficientNetB0_NAdam_kl_divergence_15/validation,14,0.2265966683626175,7.353631973266602
fit/_EfficientNetB0_SGD_categorical_crossentropy_15/train,0,0.3600350320339203,1.3342820405960083
fit/_EfficientNetB0_SGD_categorical_crossentropy_15/train,1,0.49223023653030396,1.2208987474441528
fit/_EfficientNetB0_SGD_categorical_crossentropy_15/train,2,0.5515429973602295,1.1331404447555542
fit/_EfficientNetB0_SGD_categorical_crossentropy_15/train,3,0.5837163329124451,1.0715476274490356
fit/_EfficientNetB0_SGD_categorical_crossentropy_15/train,4,0.6069161891937256,1.0304018259048462
fit/_EfficientNetB0_SGD_categorical_crossentropy_15/train,5,0.6027576923370361,1.0051671266555786
fit/_EfficientNetB0_SGD_categorical_crossentropy_15/train,6,0.6217990517616272,0.9692916870117188
fit/_EfficientNetB0_SGD_categorical_crossentropy_15/train,7,0.6449989080429077,0.931386411190033
fit/_EfficientNetB0_SGD_categorical_crossentropy_15/train,8,0.6500328183174133,0.9276374578475952
fit/_EfficientNetB0_SGD_categorical_crossentropy_15/train,9,0.6530969738960266,0.9142103791236877
fit/_EfficientNetB0_SGD_categorical_crossentropy_15/train,10,0.6627270579338074,0.9028162360191345
fit/_EfficientNetB0_SGD_categorical_crossentropy_15/train,11,0.6758590340614319,0.8692420721054077
fit/_EfficientNetB0_SGD_categorical_crossentropy_15/train,12,0.6800175309181213,0.876384973526001
fit/_EfficientNetB0_SGD_categorical_crossentropy_15/train,13,0.6695119142532349,0.8693241477012634
fit/_EfficientNetB0_SGD_categorical_crossentropy_15/train,14,0.6929306387901306,0.8439393043518066
fit/_EfficientNetB0_SGD_categorical_crossentropy_15/validation,0,0.2650918662548065,1.4034876823425293
fit/_EfficientNetB0_SGD_categorical_crossentropy_15/validation,1,0.25896763801574707,1.4032890796661377
fit/_EfficientNetB0_SGD_categorical_crossentropy_15/validation,2,0.2650918662548065,1.3920602798461914
fit/_EfficientNetB0_SGD_categorical_crossentropy_15/validation,3,0.5538057684898376,1.1177306175231934
fit/_EfficientNetB0_SGD_categorical_crossentropy_15/validation,4,0.34733158349990845,1.3776124715805054
fit/_EfficientNetB0_SGD_categorical_crossentropy_15/validation,5,0.4356955289840698,1.2763941287994385
fit/_EfficientNetB0_SGD_categorical_crossentropy_15/validation,6,0.4251968562602997,1.3176913261413574
fit/_EfficientNetB0_SGD_categorical_crossentropy_15/validation,7,0.29921260476112366,1.4999589920043945
fit/_EfficientNetB0_SGD_categorical_crossentropy_15/validation,8,0.34820646047592163,1.4546692371368408
fit/_EfficientNetB0_SGD_categorical_crossentropy_15/validation,9,0.7069116234779358,0.884698212146759
fit/_EfficientNetB0_SGD_categorical_crossentropy_15/validation,10,0.728783905506134,0.8877981305122375
fit/_EfficientNetB0_SGD_categorical_crossentropy_15/validation,11,0.3919509947299957,1.3355159759521484
fit/_EfficientNetB0_SGD_categorical_crossentropy_15/validation,12,0.4514435827732086,1.3027862310409546
fit/_EfficientNetB0_SGD_categorical_crossentropy_15/validation,13,0.5275590419769287,1.108650803565979
fit/_EfficientNetB0_SGD_categorical_crossentropy_15/validation,14,0.35083115100860596,1.3472137451171875
fit/_EfficientNetB0_SGD_categorical_hinge_15/train,0,0.2530094087123871,1.0563753843307495
fit/_EfficientNetB0_SGD_categorical_hinge_15/train,1,0.3501860499382019,1.0306919813156128
fit/_EfficientNetB0_SGD_categorical_hinge_15/train,2,0.4193477928638458,1.0119311809539795
fit/_EfficientNetB0_SGD_categorical_hinge_15/train,3,0.4738454818725586,0.9954888820648193
fit/_EfficientNetB0_SGD_categorical_hinge_15/train,4,0.4955132305622101,0.981499195098877
fit/_EfficientNetB0_SGD_categorical_hinge_15/train,5,0.5125848054885864,0.9636747241020203
fit/_EfficientNetB0_SGD_categorical_hinge_15/train,6,0.5244035720825195,0.9468780159950256
fit/_EfficientNetB0_SGD_categorical_hinge_15/train,7,0.5537316799163818,0.9318153262138367
fit/_EfficientNetB0_SGD_categorical_hinge_15/train,8,0.562048614025116,0.9147012233734131
fit/_EfficientNetB0_SGD_categorical_hinge_15/train,9,0.5659881830215454,0.9058149456977844
fit/_EfficientNetB0_SGD_categorical_hinge_15/train,10,0.5797767639160156,0.8938089609146118
fit/_EfficientNetB0_SGD_categorical_hinge_15/train,11,0.5900634527206421,0.8756797909736633
fit/_EfficientNetB0_SGD_categorical_hinge_15/train,12,0.6137010455131531,0.8669585585594177
fit/_EfficientNetB0_SGD_categorical_hinge_15/train,13,0.6139199137687683,0.8572441339492798
fit/_EfficientNetB0_SGD_categorical_hinge_15/train,14,0.6270518898963928,0.8414924740791321
fit/_EfficientNetB0_SGD_categorical_hinge_15/validation,0,0.3062117099761963,1.068549633026123
fit/_EfficientNetB0_SGD_categorical_hinge_15/validation,1,0.2974628210067749,1.0666319131851196
fit/_EfficientNetB0_SGD_categorical_hinge_15/validation,2,0.39107611775398254,1.0324786901474
fit/_EfficientNetB0_SGD_categorical_hinge_15/validation,3,0.3814523220062256,1.0495978593826294
fit/_EfficientNetB0_SGD_categorical_hinge_15/validation,4,0.2852143347263336,1.0866140127182007
fit/_EfficientNetB0_SGD_categorical_hinge_15/validation,5,0.4251968562602997,1.0513988733291626
fit/_EfficientNetB0_SGD_categorical_hinge_15/validation,6,0.34645670652389526,1.078367829322815
fit/_EfficientNetB0_SGD_categorical_hinge_15/validation,7,0.4374453127384186,1.0191478729248047
fit/_EfficientNetB0_SGD_categorical_hinge_15/validation,8,0.5214348435401917,0.9812293648719788
fit/_EfficientNetB0_SGD_categorical_hinge_15/validation,9,0.390201210975647,1.040824055671692
fit/_EfficientNetB0_SGD_categorical_hinge_15/validation,10,0.4278215169906616,1.0287177562713623
fit/_EfficientNetB0_SGD_categorical_hinge_15/validation,11,0.4216972887516022,1.0189504623413086
fit/_EfficientNetB0_SGD_categorical_hinge_15/validation,12,0.34383201599121094,1.1169873476028442
fit/_EfficientNetB0_SGD_categorical_hinge_15/validation,13,0.37182852625846863,1.0652962923049927
fit/_EfficientNetB0_SGD_categorical_hinge_15/validation,14,0.3998250365257263,1.0084128379821777
fit/_EfficientNetB0_SGD_kl_divergence_15/train,0,0.41212520003318787,1.287595272064209
fit/_EfficientNetB0_SGD_kl_divergence_15/train,1,0.512147068977356,1.1806496381759644
fit/_EfficientNetB0_SGD_kl_divergence_15/train,2,0.5454147458076477,1.1195253133773804
fit/_EfficientNetB0_SGD_kl_divergence_15/train,3,0.5815277099609375,1.0599987506866455
fit/_EfficientNetB0_SGD_kl_divergence_15/train,4,0.6038520336151123,1.0269062519073486
fit/_EfficientNetB0_SGD_kl_divergence_15/train,5,0.6088859438896179,1.003528356552124
fit/_EfficientNetB0_SGD_kl_divergence_15/train,6,0.6419347524642944,0.9551993012428284
fit/_EfficientNetB0_SGD_kl_divergence_15/train,7,0.6425913572311401,0.9379093050956726
fit/_EfficientNetB0_SGD_kl_divergence_15/train,8,0.6456555128097534,0.9088485836982727
fit/_EfficientNetB0_SGD_kl_divergence_15/train,9,0.6727949380874634,0.8859700560569763
fit/_EfficientNetB0_SGD_kl_divergence_15/train,10,0.6552855968475342,0.8960801362991333
fit/_EfficientNetB0_SGD_kl_divergence_15/train,11,0.6773911118507385,0.8608070611953735
fit/_EfficientNetB0_SGD_kl_divergence_15/train,12,0.6946815252304077,0.8321818113327026
fit/_EfficientNetB0_SGD_kl_divergence_15/train,13,0.7036550641059875,0.8115208745002747
fit/_EfficientNetB0_SGD_kl_divergence_15/train,14,0.694900393486023,0.8393479585647583
fit/_EfficientNetB0_SGD_kl_divergence_15/validation,0,0.3289588689804077,1.3591794967651367
fit/_EfficientNetB0_SGD_kl_divergence_15/validation,1,0.2624672055244446,1.4442510604858398
fit/_EfficientNetB0_SGD_kl_divergence_15/validation,2,0.3420822322368622,1.317166805267334
fit/_EfficientNetB0_SGD_kl_divergence_15/validation,3,0.3770778775215149,1.2944605350494385
fit/_EfficientNetB0_SGD_kl_divergence_15/validation,4,0.3692038357257843,1.3116179704666138
fit/_EfficientNetB0_SGD_kl_divergence_15/validation,5,0.5284339189529419,1.1623706817626953
fit/_EfficientNetB0_SGD_kl_divergence_15/validation,6,0.509186327457428,1.1698830127716064
fit/_EfficientNetB0_SGD_kl_divergence_15/validation,7,0.4488188922405243,1.2605047225952148
fit/_EfficientNetB0_SGD_kl_divergence_15/validation,8,0.5931758284568787,1.1069302558898926
fit/_EfficientNetB0_SGD_kl_divergence_15/validation,9,0.4969378709793091,1.1535547971725464
fit/_EfficientNetB0_SGD_kl_divergence_15/validation,10,0.5756780505180359,1.0796757936477661
fit/_EfficientNetB0_SGD_kl_divergence_15/validation,11,0.6509186625480652,1.0055853128433228
fit/_EfficientNetB0_SGD_kl_divergence_15/validation,12,0.6675415635108948,0.9443708658218384
fit/_EfficientNetB0_SGD_kl_divergence_15/validation,13,0.32283464074134827,1.3660656213760376
fit/_EfficientNetB0_SGD_kl_divergence_15/validation,14,0.4286964237689972,1.2736592292785645
fit/_MobileNetV2_Adam_categorical_crossentropy_15/train,0,0.7244473695755005,0.732101559638977
fit/_MobileNetV2_Adam_categorical_crossentropy_15/train,1,0.8673670291900635,0.3727586567401886
fit/_MobileNetV2_Adam_categorical_crossentropy_15/train,2,0.9061063528060913,0.2644394040107727
fit/_MobileNetV2_Adam_categorical_crossentropy_15/train,3,0.9229590892791748,0.21552693843841553
fit/_MobileNetV2_Adam_categorical_crossentropy_15/train,4,0.9406872391700745,0.16968528926372528
fit/_MobileNetV2_Adam_categorical_crossentropy_15/train,5,0.9496607780456543,0.1419423371553421
fit/_MobileNetV2_Adam_categorical_crossentropy_15/train,6,0.9525060057640076,0.1379905492067337
fit/_MobileNetV2_Adam_categorical_crossentropy_15/train,7,0.9560078978538513,0.11839507520198822
fit/_MobileNetV2_Adam_categorical_crossentropy_15/train,8,0.9575399160385132,0.12323117256164551
fit/_MobileNetV2_Adam_categorical_crossentropy_15/train,9,0.9700153470039368,0.0987759456038475
fit/_MobileNetV2_Adam_categorical_crossentropy_15/train,10,0.9652002453804016,0.10662438720464706
fit/_MobileNetV2_Adam_categorical_crossentropy_15/train,11,0.9676077961921692,0.09549704939126968
fit/_MobileNetV2_Adam_categorical_crossentropy_15/train,12,0.9706718921661377,0.08504918962717056
fit/_MobileNetV2_Adam_categorical_crossentropy_15/train,13,0.9726417064666748,0.08307059854269028
fit/_MobileNetV2_Adam_categorical_crossentropy_15/train,14,0.9768002033233643,0.06457729637622833
fit/_MobileNetV2_Adam_categorical_crossentropy_15/validation,0,0.8162729740142822,0.5390080213546753
fit/_MobileNetV2_Adam_categorical_crossentropy_15/validation,1,0.8547681570053101,0.5024046301841736
fit/_MobileNetV2_Adam_categorical_crossentropy_15/validation,2,0.92038494348526,0.28639426827430725
fit/_MobileNetV2_Adam_categorical_crossentropy_15/validation,3,0.9177602529525757,0.2730623483657837
fit/_MobileNetV2_Adam_categorical_crossentropy_15/validation,4,0.9265092015266418,0.24122650921344757
fit/_MobileNetV2_Adam_categorical_crossentropy_15/validation,5,0.946631669998169,0.17307592928409576
fit/_MobileNetV2_Adam_categorical_crossentropy_15/validation,6,0.9405074119567871,0.179784893989563
fit/_MobileNetV2_Adam_categorical_crossentropy_15/validation,7,0.8888888955116272,0.3584425449371338
fit/_MobileNetV2_Adam_categorical_crossentropy_15/validation,8,0.9431321024894714,0.2400844246149063
fit/_MobileNetV2_Adam_categorical_crossentropy_15/validation,9,0.8976377844810486,0.5066282749176025
fit/_MobileNetV2_Adam_categorical_crossentropy_15/validation,10,0.9553805589675903,0.15361563861370087
fit/_MobileNetV2_Adam_categorical_crossentropy_15/validation,11,0.9107611775398254,0.2530437409877777
fit/_MobileNetV2_Adam_categorical_crossentropy_15/validation,12,0.953630805015564,0.16579894721508026
fit/_MobileNetV2_Adam_categorical_crossentropy_15/validation,13,0.9483814239501953,0.1799374520778656
fit/_MobileNetV2_Adam_categorical_crossentropy_15/validation,14,0.9448819160461426,0.2262635976076126
fit/_MobileNetV2_Adam_categorical_hinge_15/train,0,0.6922740340232849,0.6132695078849792
fit/_MobileNetV2_Adam_categorical_hinge_15/train,1,0.7478660345077515,0.49880242347717285
fit/_MobileNetV2_Adam_categorical_hinge_15/train,2,0.7942656874656677,0.40887609124183655
fit/_MobileNetV2_Adam_categorical_hinge_15/train,3,0.854235053062439,0.2974599599838257
fit/_MobileNetV2_Adam_categorical_hinge_15/train,4,0.8800612688064575,0.24273701012134552
fit/_MobileNetV2_Adam_categorical_hinge_15/train,5,0.8914423584938049,0.2216845005750656
fit/_MobileNetV2_Adam_categorical_hinge_15/train,6,0.90041583776474,0.20453742146492004
fit/_MobileNetV2_Adam_categorical_hinge_15/train,7,0.9056686162948608,0.19083534181118011
fit/_MobileNetV2_Adam_categorical_hinge_15/train,8,0.9124534726142883,0.1754755824804306
fit/_MobileNetV2_Adam_categorical_hinge_15/train,9,0.9082950353622437,0.18547296524047852
fit/_MobileNetV2_Adam_categorical_hinge_15/train,10,0.910483717918396,0.180096834897995
fit/_MobileNetV2_Adam_categorical_hinge_15/train,11,0.9198949337005615,0.16054177284240723
fit/_MobileNetV2_Adam_categorical_hinge_15/train,12,0.916830837726593,0.16710391640663147
fit/_MobileNetV2_Adam_categorical_hinge_15/train,13,0.9183628559112549,0.16387660801410675
fit/_MobileNetV2_Adam_categorical_hinge_15/train,14,0.9188005924224854,0.16483353078365326
fit/_MobileNetV2_Adam_categorical_hinge_15/validation,0,0.7419072389602661,0.5148277878761292
fit/_MobileNetV2_Adam_categorical_hinge_15/validation,1,0.8521434664726257,0.29596784710884094
fit/_MobileNetV2_Adam_categorical_hinge_15/validation,2,0.888014018535614,0.22284995019435883
fit/_MobileNetV2_Adam_categorical_hinge_15/validation,3,0.9116360545158386,0.19883614778518677
fit/_MobileNetV2_Adam_categorical_hinge_15/validation,4,0.867016613483429,0.330166757106781
fit/_MobileNetV2_Adam_categorical_hinge_15/validation,5,0.8215222954750061,0.4793759286403656
fit/_MobileNetV2_Adam_categorical_hinge_15/validation,6,0.867016613483429,0.3633398115634918
fit/_MobileNetV2_Adam_categorical_hinge_15/validation,7,0.8232721090316772,0.39937254786491394
fit/_MobileNetV2_Adam_categorical_hinge_15/validation,8,0.9300087690353394,0.15290404856204987
fit/_MobileNetV2_Adam_categorical_hinge_15/validation,9,0.7419072389602661,0.5047500729560852
fit/_MobileNetV2_Adam_categorical_hinge_15/validation,10,0.8862642049789429,0.401046484708786
fit/_MobileNetV2_Adam_categorical_hinge_15/validation,11,0.8985126614570618,0.2600816488265991
fit/_MobileNetV2_Adam_categorical_hinge_15/validation,12,0.8801400065422058,0.2392197996377945
fit/_MobileNetV2_Adam_categorical_hinge_15/validation,13,0.9387576580047607,0.16550102829933167
fit/_MobileNetV2_Adam_categorical_hinge_15/validation,14,0.9265092015266418,0.23621252179145813
fit/_MobileNetV2_Adam_kl_divergence_15/train,0,0.7237907648086548,0.7320448756217957
fit/_MobileNetV2_Adam_kl_divergence_15/train,1,0.8671481609344482,0.37150198221206665
fit/_MobileNetV2_Adam_kl_divergence_15/train,2,0.9082950353622437,0.2506706714630127
fit/_MobileNetV2_Adam_kl_divergence_15/train,3,0.9255854487419128,0.21323195099830627
fit/_MobileNetV2_Adam_kl_divergence_15/train,4,0.9360910654067993,0.1795591562986374
fit/_MobileNetV2_Adam_kl_divergence_15/train,5,0.9549135565757751,0.1323128491640091
fit/_MobileNetV2_Adam_kl_divergence_15/train,6,0.9505362510681152,0.14833101630210876
fit/_MobileNetV2_Adam_kl_divergence_15/train,7,0.9546946883201599,0.13517330586910248
fit/_MobileNetV2_Adam_kl_divergence_15/train,8,0.9625738859176636,0.11301083117723465
fit/_MobileNetV2_Adam_kl_divergence_15/train,9,0.9662945866584778,0.09907449036836624
fit/_MobileNetV2_Adam_kl_divergence_15/train,10,0.9713284969329834,0.09108661860227585
fit/_MobileNetV2_Adam_kl_divergence_15/train,11,0.9687021374702454,0.08965207636356354
fit/_MobileNetV2_Adam_kl_divergence_15/train,12,0.9739549160003662,0.0803326815366745
fit/_MobileNetV2_Adam_kl_divergence_15/train,13,0.9732983112335205,0.07811017334461212
fit/_MobileNetV2_Adam_kl_divergence_15/train,14,0.9752681255340576,0.07708024978637695
fit/_MobileNetV2_Adam_kl_divergence_15/validation,0,0.8626421689987183,0.4477127194404602
fit/_MobileNetV2_Adam_kl_divergence_15/validation,1,0.8783901929855347,0.4266933798789978
fit/_MobileNetV2_Adam_kl_divergence_15/validation,2,0.8827646374702454,0.4089646637439728
fit/_MobileNetV2_Adam_kl_divergence_15/validation,3,0.9553805589675903,0.14997044205665588
fit/_MobileNetV2_Adam_kl_divergence_15/validation,4,0.9300087690353394,0.23788152635097504
fit/_MobileNetV2_Adam_kl_divergence_15/validation,5,0.9107611775398254,0.34997084736824036
fit/_MobileNetV2_Adam_kl_divergence_15/validation,6,0.953630805015564,0.17425929009914398
fit/_MobileNetV2_Adam_kl_divergence_15/validation,7,0.9615048170089722,0.15425848960876465
fit/_MobileNetV2_Adam_kl_divergence_15/validation,8,0.8818897604942322,0.3803272247314453
fit/_MobileNetV2_Adam_kl_divergence_15/validation,9,0.9510061144828796,0.18134768307209015
fit/_MobileNetV2_Adam_kl_divergence_15/validation,10,0.9186351895332336,0.25968626141548157
fit/_MobileNetV2_Adam_kl_divergence_15/validation,11,0.9370078444480896,0.20594172179698944
fit/_MobileNetV2_Adam_kl_divergence_15/validation,12,0.9641295075416565,0.1461053192615509
fit/_MobileNetV2_Adam_kl_divergence_15/validation,13,0.9615048170089722,0.14179685711860657
fit/_MobileNetV2_Adam_kl_divergence_15/validation,14,0.9562554955482483,0.14454104006290436
fit/_MobileNetV2_NAdam_categorical_crossentropy_15/train,0,0.7185379862785339,0.737605631351471
fit/_MobileNetV2_NAdam_categorical_crossentropy_15/train,1,0.87787264585495,0.3387698531150818
fit/_MobileNetV2_NAdam_categorical_crossentropy_15/train,2,0.919457197189331,0.23683342337608337
fit/_MobileNetV2_NAdam_categorical_crossentropy_15/train,3,0.92755526304245,0.2054465115070343
fit/_MobileNetV2_NAdam_categorical_crossentropy_15/train,4,0.9400306344032288,0.17382636666297913
fit/_MobileNetV2_NAdam_categorical_crossentropy_15/train,5,0.9533814787864685,0.13974125683307648
fit/_MobileNetV2_NAdam_categorical_crossentropy_15/train,6,0.9546946883201599,0.12903638184070587
fit/_MobileNetV2_NAdam_categorical_crossentropy_15/train,7,0.9590719938278198,0.11760085076093674
fit/_MobileNetV2_NAdam_categorical_crossentropy_15/train,8,0.963011622428894,0.11084896326065063
fit/_MobileNetV2_NAdam_categorical_crossentropy_15/train,9,0.9643247723579407,0.10764866322278976
fit/_MobileNetV2_NAdam_categorical_crossentropy_15/train,10,0.9708907604217529,0.09287609905004501
fit/_MobileNetV2_NAdam_categorical_crossentropy_15/train,11,0.9715473651885986,0.08318961411714554
fit/_MobileNetV2_NAdam_categorical_crossentropy_15/train,12,0.97286057472229,0.09065412729978561
fit/_MobileNetV2_NAdam_categorical_crossentropy_15/train,13,0.973736047744751,0.07635853439569473
fit/_MobileNetV2_NAdam_categorical_crossentropy_15/train,14,0.9761435985565186,0.07638011127710342
fit/_MobileNetV2_NAdam_categorical_crossentropy_15/validation,0,0.8687664270401001,0.4500960409641266
fit/_MobileNetV2_NAdam_categorical_crossentropy_15/validation,1,0.8460192680358887,0.5057771801948547
fit/_MobileNetV2_NAdam_categorical_crossentropy_15/validation,2,0.8713910579681396,0.4033416509628296
fit/_MobileNetV2_NAdam_categorical_crossentropy_15/validation,3,0.9160104990005493,0.2668488919734955
fit/_MobileNetV2_NAdam_categorical_crossentropy_15/validation,4,0.9370078444480896,0.20438195765018463
fit/_MobileNetV2_NAdam_categorical_crossentropy_15/validation,5,0.9151356220245361,0.3236125409603119
fit/_MobileNetV2_NAdam_categorical_crossentropy_15/validation,6,0.9291338324546814,0.24578045308589935
fit/_MobileNetV2_NAdam_categorical_crossentropy_15/validation,7,0.9238845109939575,0.227610781788826
fit/_MobileNetV2_NAdam_categorical_crossentropy_15/validation,8,0.9378827810287476,0.2057381272315979
fit/_MobileNetV2_NAdam_categorical_crossentropy_15/validation,9,0.953630805015564,0.15282253921031952
fit/_MobileNetV2_NAdam_categorical_crossentropy_15/validation,10,0.9422572255134583,0.17782194912433624
fit/_MobileNetV2_NAdam_categorical_crossentropy_15/validation,11,0.9195100665092468,0.2536846697330475
fit/_MobileNetV2_NAdam_categorical_crossentropy_15/validation,12,0.887139081954956,0.32928627729415894
fit/_MobileNetV2_NAdam_categorical_crossentropy_15/validation,13,0.9545056819915771,0.14645878970623016
fit/_MobileNetV2_NAdam_categorical_crossentropy_15/validation,14,0.959755003452301,0.1264469027519226
fit/_MobileNetV2_NAdam_categorical_hinge_15/train,0,0.6927117705345154,0.6078603863716125
fit/_MobileNetV2_NAdam_categorical_hinge_15/train,1,0.7583716511726379,0.47472143173217773
fit/_MobileNetV2_NAdam_categorical_hinge_15/train,2,0.7887940406799316,0.4105282127857208
fit/_MobileNetV2_NAdam_categorical_hinge_15/train,3,0.8459181189537048,0.30745869874954224
fit/_MobileNetV2_NAdam_categorical_hinge_15/train,4,0.8787480592727661,0.242423415184021
fit/_MobileNetV2_NAdam_categorical_hinge_15/train,5,0.8892536759376526,0.22545617818832397
fit/_MobileNetV2_NAdam_categorical_hinge_15/train,6,0.9098271131515503,0.18343687057495117
fit/_MobileNetV2_NAdam_categorical_hinge_15/train,7,0.8942875862121582,0.2161838710308075
fit/_MobileNetV2_NAdam_categorical_hinge_15/train,8,0.9135478138923645,0.18114519119262695
fit/_MobileNetV2_NAdam_categorical_hinge_15/train,9,0.9170497059822083,0.16402438282966614
fit/_MobileNetV2_NAdam_categorical_hinge_15/train,10,0.917706310749054,0.16619352996349335
fit/_MobileNetV2_NAdam_categorical_hinge_15/train,11,0.9271175265312195,0.14728368818759918
fit/_MobileNetV2_NAdam_categorical_hinge_15/train,12,0.9279929995536804,0.14730589091777802
fit/_MobileNetV2_NAdam_categorical_hinge_15/train,13,0.9295250773429871,0.14246125519275665
fit/_MobileNetV2_NAdam_categorical_hinge_15/train,14,0.9293062090873718,0.14178162813186646
fit/_MobileNetV2_NAdam_categorical_hinge_15/validation,0,0.7270340919494629,0.5345984101295471
fit/_MobileNetV2_NAdam_categorical_hinge_15/validation,1,0.8092738389968872,0.37666115164756775
fit/_MobileNetV2_NAdam_categorical_hinge_15/validation,2,0.874015748500824,0.25034478306770325
fit/_MobileNetV2_NAdam_categorical_hinge_15/validation,3,0.8888888955116272,0.21927449107170105
fit/_MobileNetV2_NAdam_categorical_hinge_15/validation,4,0.8468941450119019,0.31662553548812866
fit/_MobileNetV2_NAdam_categorical_hinge_15/validation,5,0.8932633399963379,0.23174118995666504
fit/_MobileNetV2_NAdam_categorical_hinge_15/validation,6,0.9186351895332336,0.17405745387077332
fit/_MobileNetV2_NAdam_categorical_hinge_15/validation,7,0.9291338324546814,0.15647068619728088
fit/_MobileNetV2_NAdam_categorical_hinge_15/validation,8,0.9090113639831543,0.2143181562423706
fit/_MobileNetV2_NAdam_categorical_hinge_15/validation,9,0.8950130939483643,0.22236290574073792
fit/_MobileNetV2_NAdam_categorical_hinge_15/validation,10,0.8678914904594421,0.2801996171474457
fit/_MobileNetV2_NAdam_categorical_hinge_15/validation,11,0.9221347570419312,0.19728665053844452
fit/_MobileNetV2_NAdam_categorical_hinge_15/validation,12,0.9090113639831543,0.22955578565597534
fit/_MobileNetV2_NAdam_categorical_hinge_15/validation,13,0.6570428609848022,0.6327306628227234
fit/_MobileNetV2_NAdam_categorical_hinge_15/validation,14,0.8661417365074158,0.2829868793487549
fit/_MobileNetV2_NAdam_kl_divergence_15/train,0,0.724885106086731,0.7123081684112549
fit/_MobileNetV2_NAdam_kl_divergence_15/train,1,0.8811556100845337,0.3335837125778198
fit/_MobileNetV2_NAdam_kl_divergence_15/train,2,0.9161742329597473,0.23283566534519196
fit/_MobileNetV2_NAdam_kl_divergence_15/train,3,0.9363099336624146,0.18315625190734863
fit/_MobileNetV2_NAdam_kl_divergence_15/train,4,0.9468154907226562,0.16909359395503998
fit/_MobileNetV2_NAdam_kl_divergence_15/train,5,0.943970263004303,0.14802782237529755
fit/_MobileNetV2_NAdam_kl_divergence_15/train,6,0.9549135565757751,0.1238042488694191
fit/_MobileNetV2_NAdam_kl_divergence_15/train,7,0.9619172811508179,0.1099977195262909
fit/_MobileNetV2_NAdam_kl_divergence_15/train,8,0.9616984128952026,0.1133478432893753
fit/_MobileNetV2_NAdam_kl_divergence_15/train,9,0.9682644009590149,0.0876535028219223
fit/_MobileNetV2_NAdam_kl_divergence_15/train,10,0.9730794429779053,0.08470933884382248
fit/_MobileNetV2_NAdam_kl_divergence_15/train,11,0.9689210057258606,0.08409830927848816
fit/_MobileNetV2_NAdam_kl_divergence_15/train,12,0.9750492572784424,0.07675865292549133
fit/_MobileNetV2_NAdam_kl_divergence_15/train,13,0.97723788022995,0.0720919743180275
fit/_MobileNetV2_NAdam_kl_divergence_15/train,14,0.9759247303009033,0.06801626831293106
fit/_MobileNetV2_NAdam_kl_divergence_15/validation,0,0.8687664270401001,0.45794254541397095
fit/_MobileNetV2_NAdam_kl_divergence_15/validation,1,0.8547681570053101,0.5514152646064758
fit/_MobileNetV2_NAdam_kl_divergence_15/validation,2,0.9028871655464172,0.44635143876075745
fit/_MobileNetV2_NAdam_kl_divergence_15/validation,3,0.9037620425224304,0.36903074383735657
fit/_MobileNetV2_NAdam_kl_divergence_15/validation,4,0.90638667345047,0.276315838098526
fit/_MobileNetV2_NAdam_kl_divergence_15/validation,5,0.9475065469741821,0.17940835654735565
fit/_MobileNetV2_NAdam_kl_divergence_15/validation,6,0.9396325349807739,0.2696165442466736
fit/_MobileNetV2_NAdam_kl_divergence_15/validation,7,0.946631669998169,0.18922549486160278
fit/_MobileNetV2_NAdam_kl_divergence_15/validation,8,0.9483814239501953,0.19214098155498505
fit/_MobileNetV2_NAdam_kl_divergence_15/validation,9,0.9361329674720764,0.20361833274364471
fit/_MobileNetV2_NAdam_kl_divergence_15/validation,10,0.9352580904960632,0.20680874586105347
fit/_MobileNetV2_NAdam_kl_divergence_15/validation,11,0.9098862409591675,0.31367579102516174
fit/_MobileNetV2_NAdam_kl_divergence_15/validation,12,0.9413823485374451,0.2197030484676361
fit/_MobileNetV2_NAdam_kl_divergence_15/validation,13,0.9335083365440369,0.26131075620651245
fit/_MobileNetV2_NAdam_kl_divergence_15/validation,14,0.834645688533783,0.6589835286140442
fit/_MobileNetV2_SGD_categorical_crossentropy_15/train,0,0.5079886317253113,1.1408125162124634
fit/_MobileNetV2_SGD_categorical_crossentropy_15/train,1,0.6211425065994263,0.9607900381088257
fit/_MobileNetV2_SGD_categorical_crossentropy_15/train,2,0.6611949801445007,0.8987314105033875
fit/_MobileNetV2_SGD_categorical_crossentropy_15/train,3,0.6892098784446716,0.841006875038147
fit/_MobileNetV2_SGD_categorical_crossentropy_15/train,4,0.7196323275566101,0.7850878834724426
fit/_MobileNetV2_SGD_categorical_crossentropy_15/train,5,0.7159115672111511,0.7736620903015137
fit/_MobileNetV2_SGD_categorical_crossentropy_15/train,6,0.7380170822143555,0.7391843795776367
fit/_MobileNetV2_SGD_categorical_crossentropy_15/train,7,0.7441453337669373,0.7284339666366577
fit/_MobileNetV2_SGD_categorical_crossentropy_15/train,8,0.7548697590827942,0.6947630643844604
fit/_MobileNetV2_SGD_categorical_crossentropy_15/train,9,0.7723791003227234,0.652235746383667
fit/_MobileNetV2_SGD_categorical_crossentropy_15/train,10,0.7730356454849243,0.660247266292572
fit/_MobileNetV2_SGD_categorical_crossentropy_15/train,11,0.7815714478492737,0.6415632367134094
fit/_MobileNetV2_SGD_categorical_crossentropy_15/train,12,0.7804771065711975,0.6148853898048401
fit/_MobileNetV2_SGD_categorical_crossentropy_15/train,13,0.7966732382774353,0.5852848291397095
fit/_MobileNetV2_SGD_categorical_crossentropy_15/train,14,0.8163712024688721,0.5527656078338623
fit/_MobileNetV2_SGD_categorical_crossentropy_15/validation,0,0.5905511975288391,1.0041654109954834
fit/_MobileNetV2_SGD_categorical_crossentropy_15/validation,1,0.7296587824821472,0.7340064644813538
fit/_MobileNetV2_SGD_categorical_crossentropy_15/validation,2,0.721784770488739,0.7379064559936523
fit/_MobileNetV2_SGD_categorical_crossentropy_15/validation,3,0.7909011244773865,0.5616872906684875
fit/_MobileNetV2_SGD_categorical_crossentropy_15/validation,4,0.7961505055427551,0.5512737035751343
fit/_MobileNetV2_SGD_categorical_crossentropy_15/validation,5,0.8320209980010986,0.47163125872612
fit/_MobileNetV2_SGD_categorical_crossentropy_15/validation,6,0.8110235929489136,0.514028787612915
fit/_MobileNetV2_SGD_categorical_crossentropy_15/validation,7,0.8276465535163879,0.4868932068347931
fit/_MobileNetV2_SGD_categorical_crossentropy_15/validation,8,0.8223971724510193,0.48361167311668396
fit/_MobileNetV2_SGD_categorical_crossentropy_15/validation,9,0.8425197005271912,0.4381430745124817
fit/_MobileNetV2_SGD_categorical_crossentropy_15/validation,10,0.8547681570053101,0.41517356038093567
fit/_MobileNetV2_SGD_categorical_crossentropy_15/validation,11,0.8433945775032043,0.4319738447666168
fit/_MobileNetV2_SGD_categorical_crossentropy_15/validation,12,0.8748906254768372,0.37259167432785034
fit/_MobileNetV2_SGD_categorical_crossentropy_15/validation,13,0.8836395740509033,0.35186687111854553
fit/_MobileNetV2_SGD_categorical_crossentropy_15/validation,14,0.8748906254768372,0.3668213188648224
fit/_MobileNetV2_SGD_categorical_hinge_15/train,0,0.4009630084037781,1.0205228328704834
fit/_MobileNetV2_SGD_categorical_hinge_15/train,1,0.5559203624725342,0.9020511507987976
fit/_MobileNetV2_SGD_categorical_hinge_15/train,2,0.6279273629188538,0.8098081350326538
fit/_MobileNetV2_SGD_categorical_hinge_15/train,3,0.6686364412307739,0.7377752661705017
fit/_MobileNetV2_SGD_categorical_hinge_15/train,4,0.6848325729370117,0.6919116377830505
fit/_MobileNetV2_SGD_categorical_hinge_15/train,5,0.7093455791473389,0.6512726545333862
fit/_MobileNetV2_SGD_categorical_hinge_15/train,6,0.7183191180229187,0.612784206867218
fit/_MobileNetV2_SGD_categorical_hinge_15/train,7,0.7283869385719299,0.5858930349349976
fit/_MobileNetV2_SGD_categorical_hinge_15/train,8,0.7423943877220154,0.5610490441322327
fit/_MobileNetV2_SGD_categorical_hinge_15/train,9,0.7463340163230896,0.5409667491912842
fit/_MobileNetV2_SGD_categorical_hinge_15/train,10,0.7391114234924316,0.5393833518028259
fit/_MobileNetV2_SGD_categorical_hinge_15/train,11,0.7535565495491028,0.5172951817512512
fit/_MobileNetV2_SGD_categorical_hinge_15/train,12,0.7596848607063293,0.495284765958786
fit/_MobileNetV2_SGD_categorical_hinge_15/train,13,0.7603414058685303,0.490765243768692
fit/_MobileNetV2_SGD_categorical_hinge_15/train,14,0.7561829686164856,0.49402204155921936
fit/_MobileNetV2_SGD_categorical_hinge_15/validation,0,0.4400700032711029,1.0248132944107056
fit/_MobileNetV2_SGD_categorical_hinge_15/validation,1,0.6194225549697876,0.8191500306129456
fit/_MobileNetV2_SGD_categorical_hinge_15/validation,2,0.7235345840454102,0.6450611352920532
fit/_MobileNetV2_SGD_categorical_hinge_15/validation,3,0.7322834730148315,0.5809512734413147
fit/_MobileNetV2_SGD_categorical_hinge_15/validation,4,0.7751531004905701,0.495991975069046
fit/_MobileNetV2_SGD_categorical_hinge_15/validation,5,0.7637795209884644,0.4865431487560272
fit/_MobileNetV2_SGD_categorical_hinge_15/validation,6,0.7839019894599915,0.45823514461517334
fit/_MobileNetV2_SGD_categorical_hinge_15/validation,7,0.7979002594947815,0.42522960901260376
fit/_MobileNetV2_SGD_categorical_hinge_15/validation,8,0.8031495809555054,0.4037710130214691
fit/_MobileNetV2_SGD_categorical_hinge_15/validation,9,0.8022747039794922,0.4151756167411804
fit/_MobileNetV2_SGD_categorical_hinge_15/validation,10,0.8188976645469666,0.3748314678668976
fit/_MobileNetV2_SGD_categorical_hinge_15/validation,11,0.8276465535163879,0.35807928442955017
fit/_MobileNetV2_SGD_categorical_hinge_15/validation,12,0.8425197005271912,0.3236681818962097
fit/_MobileNetV2_SGD_categorical_hinge_15/validation,13,0.8390201330184937,0.33525508642196655
fit/_MobileNetV2_SGD_categorical_hinge_15/validation,14,0.8565179109573364,0.2965905964374542
fit/_MobileNetV2_SGD_kl_divergence_15/train,0,0.5215583443641663,1.1346989870071411
fit/_MobileNetV2_SGD_kl_divergence_15/train,1,0.6410593390464783,0.9348849058151245
fit/_MobileNetV2_SGD_kl_divergence_15/train,2,0.6782665848731995,0.8673900961875916
fit/_MobileNetV2_SGD_kl_divergence_15/train,3,0.704092800617218,0.805281937122345
fit/_MobileNetV2_SGD_kl_divergence_15/train,4,0.7185379862785339,0.7853265404701233
fit/_MobileNetV2_SGD_kl_divergence_15/train,5,0.7318888306617737,0.744422197341919
fit/_MobileNetV2_SGD_kl_divergence_15/train,6,0.7423943877220154,0.7073520421981812
fit/_MobileNetV2_SGD_kl_divergence_15/train,7,0.7550886273384094,0.689268171787262
fit/_MobileNetV2_SGD_kl_divergence_15/train,8,0.7666885256767273,0.6692226529121399
fit/_MobileNetV2_SGD_kl_divergence_15/train,9,0.7820091843605042,0.6266660094261169
fit/_MobileNetV2_SGD_kl_divergence_15/train,10,0.7903261184692383,0.604192852973938
fit/_MobileNetV2_SGD_kl_divergence_15/train,11,0.8001750707626343,0.5838932991027832
fit/_MobileNetV2_SGD_kl_divergence_15/train,12,0.8017071485519409,0.5725332498550415
fit/_MobileNetV2_SGD_kl_divergence_15/train,13,0.8087108731269836,0.5575899481773376
fit/_MobileNetV2_SGD_kl_divergence_15/train,14,0.8159334659576416,0.5328347682952881
fit/_MobileNetV2_SGD_kl_divergence_15/validation,0,0.5756780505180359,0.9870027899742126
fit/_MobileNetV2_SGD_kl_divergence_15/validation,1,0.7401574850082397,0.7006624937057495
fit/_MobileNetV2_SGD_kl_divergence_15/validation,2,0.7664042115211487,0.6381956338882446
fit/_MobileNetV2_SGD_kl_divergence_15/validation,3,0.7961505055427551,0.5523673892021179
fit/_MobileNetV2_SGD_kl_divergence_15/validation,4,0.8171478509902954,0.5109978318214417
fit/_MobileNetV2_SGD_kl_divergence_15/validation,5,0.8136482834815979,0.5247540473937988
fit/_MobileNetV2_SGD_kl_divergence_15/validation,6,0.8433945775032043,0.45291072130203247
fit/_MobileNetV2_SGD_kl_divergence_15/validation,7,0.84076988697052,0.4709763824939728
fit/_MobileNetV2_SGD_kl_divergence_15/validation,8,0.8617672920227051,0.425254762172699
fit/_MobileNetV2_SGD_kl_divergence_15/validation,9,0.8678914904594421,0.41042467951774597
fit/_MobileNetV2_SGD_kl_divergence_15/validation,10,0.881014883518219,0.3723057806491852
fit/_MobileNetV2_SGD_kl_divergence_15/validation,11,0.8722659945487976,0.39851081371307373
fit/_MobileNetV2_SGD_kl_divergence_15/validation,12,0.8757655024528503,0.39215153455734253
fit/_MobileNetV2_SGD_kl_divergence_15/validation,13,0.8853893280029297,0.3515825867652893
fit/_MobileNetV2_SGD_kl_divergence_15/validation,14,0.8888888955116272,0.32313767075538635
fit/_ResNet_Adam_categorical_crossentropy_15/train,0,0.8093674778938293,0.5164650678634644
fit/_ResNet_Adam_categorical_crossentropy_15/train,1,0.9036988615989685,0.2683550715446472
fit/_ResNet_Adam_categorical_crossentropy_15/train,2,0.920332670211792,0.21977351605892181
fit/_ResNet_Adam_categorical_crossentropy_15/train,3,0.9358721971511841,0.17735515534877777
fit/_ResNet_Adam_categorical_crossentropy_15/train,4,0.9384985566139221,0.16475564241409302
fit/_ResNet_Adam_categorical_crossentropy_15/train,5,0.9516305327415466,0.14100375771522522
fit/_ResNet_Adam_categorical_crossentropy_15/train,6,0.9614795446395874,0.11934886127710342
fit/_ResNet_Adam_categorical_crossentropy_15/train,7,0.9586342573165894,0.12097878754138947
fit/_ResNet_Adam_categorical_crossentropy_15/train,8,0.9625738859176636,0.11312174797058105
fit/_ResNet_Adam_categorical_crossentropy_15/train,9,0.9645436406135559,0.1078089252114296
fit/_ResNet_Adam_categorical_crossentropy_15/train,10,0.9678266644477844,0.09585227817296982
fit/_ResNet_Adam_categorical_crossentropy_15/train,11,0.970234215259552,0.09020628780126572
fit/_ResNet_Adam_categorical_crossentropy_15/train,12,0.9730794429779053,0.07789579033851624
fit/_ResNet_Adam_categorical_crossentropy_15/train,13,0.9739549160003662,0.0798029899597168
fit/_ResNet_Adam_categorical_crossentropy_15/train,14,0.9759247303009033,0.07448544353246689
fit/_ResNet_Adam_categorical_crossentropy_15/validation,0,0.8608924150466919,0.3845047056674957
fit/_ResNet_Adam_categorical_crossentropy_15/validation,1,0.9448819160461426,0.3120831549167633
fit/_ResNet_Adam_categorical_crossentropy_15/validation,2,0.9510061144828796,0.14207813143730164
fit/_ResNet_Adam_categorical_crossentropy_15/validation,3,0.9448819160461426,0.18078716099262238
fit/_ResNet_Adam_categorical_crossentropy_15/validation,4,0.93438321352005,0.19742828607559204
fit/_ResNet_Adam_categorical_crossentropy_15/validation,5,0.9160104990005493,0.2586092948913574
fit/_ResNet_Adam_categorical_crossentropy_15/validation,6,0.9457567930221558,0.20812557637691498
fit/_ResNet_Adam_categorical_crossentropy_15/validation,7,0.9492563605308533,0.16382701694965363
fit/_ResNet_Adam_categorical_crossentropy_15/validation,8,0.9361329674720764,0.2174200862646103
fit/_ResNet_Adam_categorical_crossentropy_15/validation,9,0.9492563605308533,0.16029596328735352
fit/_ResNet_Adam_categorical_crossentropy_15/validation,10,0.9370078444480896,0.3356882631778717
fit/_ResNet_Adam_categorical_crossentropy_15/validation,11,0.9492563605308533,0.15460066497325897
fit/_ResNet_Adam_categorical_crossentropy_15/validation,12,0.9571303725242615,0.14969247579574585
fit/_ResNet_Adam_categorical_crossentropy_15/validation,13,0.9746281504631042,0.10304364562034607
fit/_ResNet_Adam_categorical_crossentropy_15/validation,14,0.9571303725242615,0.17187286913394928
fit/_ResNet_Adam_categorical_hinge_15/train,0,0.7509301900863647,0.4958391785621643
fit/_ResNet_Adam_categorical_hinge_15/train,1,0.8279711008071899,0.34609565138816833
fit/_ResNet_Adam_categorical_hinge_15/train,2,0.844386100769043,0.31243017315864563
fit/_ResNet_Adam_categorical_hinge_15/train,3,0.8618953824043274,0.277332067489624
fit/_ResNet_Adam_categorical_hinge_15/train,4,0.8789669275283813,0.24487099051475525
fit/_ResNet_Adam_categorical_hinge_15/train,5,0.879623532295227,0.2427239716053009
fit/_ResNet_Adam_categorical_hinge_15/train,6,0.880499005317688,0.24441631138324738
fit/_ResNet_Adam_categorical_hinge_15/train,7,0.9001969695091248,0.2034107893705368
fit/_ResNet_Adam_categorical_hinge_15/train,8,0.9096082448959351,0.18581879138946533
fit/_ResNet_Adam_categorical_hinge_15/train,9,0.9026045203208923,0.19688786566257477
fit/_ResNet_Adam_categorical_hinge_15/train,10,0.8945064544677734,0.20919400453567505
fit/_ResNet_Adam_categorical_hinge_15/train,11,0.913985550403595,0.17570237815380096
fit/_ResNet_Adam_categorical_hinge_15/train,12,0.9115779995918274,0.1780003011226654
fit/_ResNet_Adam_categorical_hinge_15/train,13,0.9152987599372864,0.1682671308517456
fit/_ResNet_Adam_categorical_hinge_15/train,14,0.913985550403595,0.17547045648097992
fit/_ResNet_Adam_categorical_hinge_15/validation,0,0.8757655024528503,0.2476121336221695
fit/_ResNet_Adam_categorical_hinge_15/validation,1,0.8976377844810486,0.20492023229599
fit/_ResNet_Adam_categorical_hinge_15/validation,2,0.8783901929855347,0.2491820603609085
fit/_ResNet_Adam_categorical_hinge_15/validation,3,0.9072616100311279,0.18868443369865417
fit/_ResNet_Adam_categorical_hinge_15/validation,4,0.9300087690353394,0.1446274369955063
fit/_ResNet_Adam_categorical_hinge_15/validation,5,0.8582677245140076,0.2812263071537018
fit/_ResNet_Adam_categorical_hinge_15/validation,6,0.9011373519897461,0.20041264593601227
fit/_ResNet_Adam_categorical_hinge_15/validation,7,0.914260745048523,0.1645321249961853
fit/_ResNet_Adam_categorical_hinge_15/validation,8,0.9256343245506287,0.1519407331943512
fit/_ResNet_Adam_categorical_hinge_15/validation,9,0.9072616100311279,0.18973909318447113
fit/_ResNet_Adam_categorical_hinge_15/validation,10,0.93438321352005,0.13260312378406525
fit/_ResNet_Adam_categorical_hinge_15/validation,11,0.9282589554786682,0.1424178034067154
fit/_ResNet_Adam_categorical_hinge_15/validation,12,0.8696413040161133,0.26582130789756775
fit/_ResNet_Adam_categorical_hinge_15/validation,13,0.7252843379974365,0.5430476665496826
fit/_ResNet_Adam_categorical_hinge_15/validation,14,0.8643919229507446,0.2717426121234894
fit/_ResNet_Adam_kl_divergence_15/train,0,0.8216239809989929,0.47814202308654785
fit/_ResNet_Adam_kl_divergence_15/train,1,0.9026045203208923,0.27646371722221375
fit/_ResNet_Adam_kl_divergence_15/train,2,0.9253665804862976,0.20898276567459106
fit/_ResNet_Adam_kl_divergence_15/train,3,0.9360910654067993,0.18103031814098358
fit/_ResNet_Adam_kl_divergence_15/train,4,0.9476909637451172,0.15376295149326324
fit/_ResNet_Adam_kl_divergence_15/train,5,0.9553512930870056,0.12911716103553772
fit/_ResNet_Adam_kl_divergence_15/train,6,0.9514116644859314,0.13708899915218353
fit/_ResNet_Adam_kl_divergence_15/train,7,0.9608229398727417,0.10991004854440689
fit/_ResNet_Adam_kl_divergence_15/train,8,0.9619172811508179,0.11313091218471527
fit/_ResNet_Adam_kl_divergence_15/train,9,0.9691398739814758,0.08854220062494278
fit/_ResNet_Adam_kl_divergence_15/train,10,0.9610418081283569,0.10733171552419662
fit/_ResNet_Adam_kl_divergence_15/train,11,0.9732983112335205,0.0799265056848526
fit/_ResNet_Adam_kl_divergence_15/train,12,0.9713284969329834,0.08737514913082123
fit/_ResNet_Adam_kl_divergence_15/train,13,0.9704530239105225,0.07926627993583679
fit/_ResNet_Adam_kl_divergence_15/train,14,0.9713284969329834,0.0858297348022461
fit/_ResNet_Adam_kl_divergence_15/validation,0,0.8967629075050354,0.31822553277015686
fit/_ResNet_Adam_kl_divergence_15/validation,1,0.9028871655464172,0.5233122706413269
fit/_ResNet_Adam_kl_divergence_15/validation,2,0.913385808467865,0.3103645145893097
fit/_ResNet_Adam_kl_divergence_15/validation,3,0.9116360545158386,0.3673653304576874
fit/_ResNet_Adam_kl_divergence_15/validation,4,0.913385808467865,0.27650144696235657
fit/_ResNet_Adam_kl_divergence_15/validation,5,0.9431321024894714,0.20369157195091248
fit/_ResNet_Adam_kl_divergence_15/validation,6,0.9475065469741821,0.163715198636055
fit/_ResNet_Adam_kl_divergence_15/validation,7,0.9492563605308533,0.1885976344347
fit/_ResNet_Adam_kl_divergence_15/validation,8,0.9518809914588928,0.1658187359571457
fit/_ResNet_Adam_kl_divergence_15/validation,9,0.9457567930221558,0.23529306054115295
fit/_ResNet_Adam_kl_divergence_15/validation,10,0.9641295075416565,0.1722812056541443
fit/_ResNet_Adam_kl_divergence_15/validation,11,0.9125109314918518,0.29603850841522217
fit/_ResNet_Adam_kl_divergence_15/validation,12,0.9650043845176697,0.12097351998090744
fit/_ResNet_Adam_kl_divergence_15/validation,13,0.9588801264762878,0.15078572928905487
fit/_ResNet_Adam_kl_divergence_15/validation,14,0.9571303725242615,0.16731242835521698
fit/_ResNet_NAdam_categorical_crossentropy_15/train,0,0.817246675491333,0.4945690631866455
fit/_ResNet_NAdam_categorical_crossentropy_15/train,1,0.9021667838096619,0.2718237638473511
fit/_ResNet_NAdam_categorical_crossentropy_15/train,2,0.9262420535087585,0.22079342603683472
fit/_ResNet_NAdam_categorical_crossentropy_15/train,3,0.9382796883583069,0.17634272575378418
fit/_ResNet_NAdam_categorical_crossentropy_15/train,4,0.9503173828125,0.14520369470119476
fit/_ResNet_NAdam_categorical_crossentropy_15/train,5,0.9520682692527771,0.1398235261440277
fit/_ResNet_NAdam_categorical_crossentropy_15/train,6,0.9560078978538513,0.1290081888437271
fit/_ResNet_NAdam_categorical_crossentropy_15/train,7,0.960166335105896,0.11854196339845657
fit/_ResNet_NAdam_categorical_crossentropy_15/train,8,0.9614795446395874,0.11136483401060104
fit/_ResNet_NAdam_categorical_crossentropy_15/train,9,0.9652002453804016,0.1016230508685112
fit/_ResNet_NAdam_categorical_crossentropy_15/train,10,0.9708907604217529,0.09161798655986786
fit/_ResNet_NAdam_categorical_crossentropy_15/train,11,0.9724228382110596,0.08110402524471283
fit/_ResNet_NAdam_categorical_crossentropy_15/train,12,0.9717662334442139,0.08589500188827515
fit/_ResNet_NAdam_categorical_crossentropy_15/train,13,0.9715473651885986,0.08375813812017441
fit/_ResNet_NAdam_categorical_crossentropy_15/train,14,0.9796454310417175,0.06449884176254272
fit/_ResNet_NAdam_categorical_crossentropy_15/validation,0,0.914260745048523,0.32903578877449036
fit/_ResNet_NAdam_categorical_crossentropy_15/validation,1,0.8573928475379944,0.5180763006210327
fit/_ResNet_NAdam_categorical_crossentropy_15/validation,2,0.8705161809921265,0.49730291962623596
fit/_ResNet_NAdam_categorical_crossentropy_15/validation,3,0.953630805015564,0.14939875900745392
fit/_ResNet_NAdam_categorical_crossentropy_15/validation,4,0.9291338324546814,0.2400715947151184
fit/_ResNet_NAdam_categorical_crossentropy_15/validation,5,0.9168853759765625,0.23747298121452332
fit/_ResNet_NAdam_categorical_crossentropy_15/validation,6,0.9527559280395508,0.17353734374046326
fit/_ResNet_NAdam_categorical_crossentropy_15/validation,7,0.9580052495002747,0.14395537972450256
fit/_ResNet_NAdam_categorical_crossentropy_15/validation,8,0.9300087690353394,0.35008731484413147
fit/_ResNet_NAdam_categorical_crossentropy_15/validation,9,0.9580052495002747,0.19860200583934784
fit/_ResNet_NAdam_categorical_crossentropy_15/validation,10,0.953630805015564,0.1633678376674652
fit/_ResNet_NAdam_categorical_crossentropy_15/validation,11,0.9518809914588928,0.3612905740737915
fit/_ResNet_NAdam_categorical_crossentropy_15/validation,12,0.9728783965110779,0.11767714470624924
fit/_ResNet_NAdam_categorical_crossentropy_15/validation,13,0.9352580904960632,0.32681143283843994
fit/_ResNet_NAdam_categorical_crossentropy_15/validation,14,0.9623796939849854,0.18040944635868073
fit/_ResNet_NAdam_categorical_hinge_15/train,0,0.721164345741272,0.5458976030349731
fit/_ResNet_NAdam_categorical_hinge_15/train,1,0.8063033223152161,0.389758825302124
fit/_ResNet_NAdam_categorical_hinge_15/train,2,0.8492011427879333,0.30393320322036743
fit/_ResNet_NAdam_categorical_hinge_15/train,3,0.8612387776374817,0.27844926714897156
fit/_ResNet_NAdam_categorical_hinge_15/train,4,0.8759028315544128,0.2515074610710144
fit/_ResNet_NAdam_categorical_hinge_15/train,5,0.8923177719116211,0.2210303544998169
fit/_ResNet_NAdam_categorical_hinge_15/train,6,0.8899102807044983,0.22075101733207703
fit/_ResNet_NAdam_categorical_hinge_15/train,7,0.9017290472984314,0.20319056510925293
fit/_ResNet_NAdam_categorical_hinge_15/train,8,0.9069818258285522,0.1906328648328781
fit/_ResNet_NAdam_categorical_hinge_15/train,9,0.9148610234260559,0.1720643937587738
fit/_ResNet_NAdam_categorical_hinge_15/train,10,0.913985550403595,0.17804409563541412
fit/_ResNet_NAdam_categorical_hinge_15/train,11,0.9085139036178589,0.18517565727233887
fit/_ResNet_NAdam_categorical_hinge_15/train,12,0.9124534726142883,0.1784963458776474
fit/_ResNet_NAdam_categorical_hinge_15/train,13,0.9135478138923645,0.17246104776859283
fit/_ResNet_NAdam_categorical_hinge_15/train,14,0.9144232869148254,0.1750226765871048
fit/_ResNet_NAdam_categorical_hinge_15/validation,0,0.7034120559692383,0.5744600892066956
fit/_ResNet_NAdam_categorical_hinge_15/validation,1,0.9195100665092468,0.1899922639131546
fit/_ResNet_NAdam_categorical_hinge_15/validation,2,0.8958880305290222,0.2046774923801422
fit/_ResNet_NAdam_categorical_hinge_15/validation,3,0.8267716765403748,0.3437436521053314
fit/_ResNet_NAdam_categorical_hinge_15/validation,4,0.8442694544792175,0.3007314205169678
fit/_ResNet_NAdam_categorical_hinge_15/validation,5,0.8757655024528503,0.2509027421474457
fit/_ResNet_NAdam_categorical_hinge_15/validation,6,0.9300087690353394,0.14569948613643646
fit/_ResNet_NAdam_categorical_hinge_15/validation,7,0.9291338324546814,0.14633670449256897
fit/_ResNet_NAdam_categorical_hinge_15/validation,8,0.914260745048523,0.1696484237909317
fit/_ResNet_NAdam_categorical_hinge_15/validation,9,0.8853893280029297,0.2434760481119156
fit/_ResNet_NAdam_categorical_hinge_15/validation,10,0.9422572255134583,0.11771971732378006
fit/_ResNet_NAdam_categorical_hinge_15/validation,11,0.9370078444480896,0.12481753528118134
fit/_ResNet_NAdam_categorical_hinge_15/validation,12,0.93438321352005,0.13126374781131744
fit/_ResNet_NAdam_categorical_hinge_15/validation,13,0.9238845109939575,0.14991743862628937
fit/_ResNet_NAdam_categorical_hinge_15/validation,14,0.92038494348526,0.160616934299469
fit/_ResNet_NAdam_kl_divergence_15/train,0,0.8279711008071899,0.4675511419773102
fit/_ResNet_NAdam_kl_divergence_15/train,1,0.907638430595398,0.2655025124549866
fit/_ResNet_NAdam_kl_divergence_15/train,2,0.9277741312980652,0.20455904304981232
fit/_ResNet_NAdam_kl_divergence_15/train,3,0.9391551613807678,0.1739945113658905
fit/_ResNet_NAdam_kl_divergence_15/train,4,0.9468154907226562,0.15077561140060425
fit/_ResNet_NAdam_kl_divergence_15/train,5,0.9496607780456543,0.14392006397247314
fit/_ResNet_NAdam_kl_divergence_15/train,6,0.9564456343650818,0.12174729257822037
fit/_ResNet_NAdam_kl_divergence_15/train,7,0.9632304906845093,0.11350677907466888
fit/_ResNet_NAdam_kl_divergence_15/train,8,0.9616984128952026,0.10938800126314163
fit/_ResNet_NAdam_kl_divergence_15/train,9,0.9678266644477844,0.09393507242202759
fit/_ResNet_NAdam_kl_divergence_15/train,10,0.9719851016998291,0.09057430922985077
fit/_ResNet_NAdam_kl_divergence_15/train,11,0.9724228382110596,0.08424243330955505
fit/_ResNet_NAdam_kl_divergence_15/train,12,0.9748303890228271,0.07603053748607635
fit/_ResNet_NAdam_kl_divergence_15/train,13,0.97286057472229,0.07762705534696579
fit/_ResNet_NAdam_kl_divergence_15/train,14,0.9735171794891357,0.07862038910388947
fit/_ResNet_NAdam_kl_divergence_15/validation,0,0.8845144510269165,0.3520389199256897
fit/_ResNet_NAdam_kl_divergence_15/validation,1,0.8906386494636536,0.2715494930744171
fit/_ResNet_NAdam_kl_divergence_15/validation,2,0.9177602529525757,0.23746085166931152
fit/_ResNet_NAdam_kl_divergence_15/validation,3,0.9195100665092468,0.2540610730648041
fit/_ResNet_NAdam_kl_divergence_15/validation,4,0.9387576580047607,0.1836078017950058
fit/_ResNet_NAdam_kl_divergence_15/validation,5,0.8932633399963379,0.2875257432460785
fit/_ResNet_NAdam_kl_divergence_15/validation,6,0.9378827810287476,0.20525522530078888
fit/_ResNet_NAdam_kl_divergence_15/validation,7,0.9037620425224304,0.7402111291885376
fit/_ResNet_NAdam_kl_divergence_15/validation,8,0.9492563605308533,0.20059499144554138
fit/_ResNet_NAdam_kl_divergence_15/validation,9,0.9282589554786682,0.526841938495636
fit/_ResNet_NAdam_kl_divergence_15/validation,10,0.9510061144828796,0.16394326090812683
fit/_ResNet_NAdam_kl_divergence_15/validation,11,0.9658792614936829,0.11773116886615753
fit/_ResNet_NAdam_kl_divergence_15/validation,12,0.9650043845176697,0.15292812883853912
fit/_ResNet_NAdam_kl_divergence_15/validation,13,0.9658792614936829,0.1258457899093628
fit/_ResNet_NAdam_kl_divergence_15/validation,14,0.9711285829544067,0.11494902521371841
fit/_ResNet_SGD_categorical_crossentropy_15/train,0,0.5701466202735901,1.0341172218322754
fit/_ResNet_SGD_categorical_crossentropy_15/train,1,0.6997154951095581,0.7946548461914062
fit/_ResNet_SGD_categorical_crossentropy_15/train,2,0.7712847590446472,0.6539248824119568
fit/_ResNet_SGD_categorical_crossentropy_15/train,3,0.7971109747886658,0.5822999477386475
fit/_ResNet_SGD_categorical_crossentropy_15/train,4,0.8152768611907959,0.5250895023345947
fit/_ResNet_SGD_categorical_crossentropy_15/train,5,0.8292843103408813,0.48472195863723755
fit/_ResNet_SGD_categorical_crossentropy_15/train,6,0.8421974182128906,0.4426177442073822
fit/_ResNet_SGD_categorical_crossentropy_15/train,7,0.8577369451522827,0.40929877758026123
fit/_ResNet_SGD_categorical_crossentropy_15/train,8,0.8717443346977234,0.3702991008758545
fit/_ResNet_SGD_categorical_crossentropy_15/train,9,0.8800612688064575,0.35437989234924316
fit/_ResNet_SGD_categorical_crossentropy_15/train,10,0.8918800354003906,0.31238168478012085
fit/_ResNet_SGD_categorical_crossentropy_15/train,11,0.9034799933433533,0.2973635494709015
fit/_ResNet_SGD_categorical_crossentropy_15/train,12,0.8988837599754333,0.2837716042995453
fit/_ResNet_SGD_categorical_crossentropy_15/train,13,0.9113591313362122,0.25611618161201477
fit/_ResNet_SGD_categorical_crossentropy_15/train,14,0.916830837726593,0.24129001796245575
fit/_ResNet_SGD_categorical_crossentropy_15/validation,0,0.7646543979644775,0.7155369520187378
fit/_ResNet_SGD_categorical_crossentropy_15/validation,1,0.8057742714881897,0.541490375995636
fit/_ResNet_SGD_categorical_crossentropy_15/validation,2,0.8363954424858093,0.47271236777305603
fit/_ResNet_SGD_categorical_crossentropy_15/validation,3,0.8643919229507446,0.3811780512332916
fit/_ResNet_SGD_categorical_crossentropy_15/validation,4,0.8766404390335083,0.35411277413368225
fit/_ResNet_SGD_categorical_crossentropy_15/validation,5,0.8862642049789429,0.33532318472862244
fit/_ResNet_SGD_categorical_crossentropy_15/validation,6,0.8950130939483643,0.30924537777900696
fit/_ResNet_SGD_categorical_crossentropy_15/validation,7,0.9028871655464172,0.30394938588142395
fit/_ResNet_SGD_categorical_crossentropy_15/validation,8,0.90638667345047,0.2902246117591858
fit/_ResNet_SGD_categorical_crossentropy_15/validation,9,0.9072616100311279,0.2667149603366852
fit/_ResNet_SGD_categorical_crossentropy_15/validation,10,0.9177602529525757,0.2554168701171875
fit/_ResNet_SGD_categorical_crossentropy_15/validation,11,0.92038494348526,0.2552972137928009
fit/_ResNet_SGD_categorical_crossentropy_15/validation,12,0.9238845109939575,0.23076198995113373
fit/_ResNet_SGD_categorical_crossentropy_15/validation,13,0.9256343245506287,0.22740596532821655
fit/_ResNet_SGD_categorical_crossentropy_15/validation,14,0.9256343245506287,0.2397645115852356
fit/_ResNet_SGD_categorical_hinge_15/train,0,0.4423287510871887,0.9989954233169556
fit/_ResNet_SGD_categorical_hinge_15/train,1,0.6309914588928223,0.8160942792892456
fit/_ResNet_SGD_categorical_hinge_15/train,2,0.7023418545722961,0.6954121589660645
fit/_ResNet_SGD_categorical_hinge_15/train,3,0.7353906631469727,0.6196838617324829
fit/_ResNet_SGD_categorical_hinge_15/train,4,0.7526811361312866,0.5688081979751587
fit/_ResNet_SGD_categorical_hinge_15/train,5,0.7739111185073853,0.5181149840354919
fit/_ResNet_SGD_categorical_hinge_15/train,6,0.7817903161048889,0.4853275716304779
fit/_ResNet_SGD_categorical_hinge_15/train,7,0.7990807890892029,0.4478064179420471
fit/_ResNet_SGD_categorical_hinge_15/train,8,0.8043335676193237,0.4307345151901245
fit/_ResNet_SGD_categorical_hinge_15/train,9,0.8231560587882996,0.3969492018222809
fit/_ResNet_SGD_categorical_hinge_15/train,10,0.8170278072357178,0.3949725925922394
fit/_ResNet_SGD_categorical_hinge_15/train,11,0.8260012865066528,0.37487125396728516
fit/_ResNet_SGD_categorical_hinge_15/train,12,0.8432917594909668,0.3506958782672882
fit/_ResNet_SGD_categorical_hinge_15/train,13,0.8411030769348145,0.3423226475715637
fit/_ResNet_SGD_categorical_hinge_15/train,14,0.8404464721679688,0.3397802710533142
fit/_ResNet_SGD_categorical_hinge_15/validation,0,0.6649168729782104,0.7423408627510071
fit/_ResNet_SGD_categorical_hinge_15/validation,1,0.7559055089950562,0.5404871106147766
fit/_ResNet_SGD_categorical_hinge_15/validation,2,0.7970253825187683,0.4349459111690521
fit/_ResNet_SGD_categorical_hinge_15/validation,3,0.8293963074684143,0.3590061068534851
fit/_ResNet_SGD_categorical_hinge_15/validation,4,0.84076988697052,0.3259563148021698
fit/_ResNet_SGD_categorical_hinge_15/validation,5,0.8626421689987183,0.2893667221069336
fit/_ResNet_SGD_categorical_hinge_15/validation,6,0.8556430339813232,0.28725218772888184
fit/_ResNet_SGD_categorical_hinge_15/validation,7,0.8748906254768372,0.26081719994544983
fit/_ResNet_SGD_categorical_hinge_15/validation,8,0.8845144510269165,0.2339453250169754
fit/_ResNet_SGD_categorical_hinge_15/validation,9,0.8888888955116272,0.22858469188213348
fit/_ResNet_SGD_categorical_hinge_15/validation,10,0.8950130939483643,0.22485779225826263
fit/_ResNet_SGD_categorical_hinge_15/validation,11,0.8985126614570618,0.21190206706523895
fit/_ResNet_SGD_categorical_hinge_15/validation,12,0.9028871655464172,0.20750044286251068
fit/_ResNet_SGD_categorical_hinge_15/validation,13,0.8958880305290222,0.22173020243644714
fit/_ResNet_SGD_categorical_hinge_15/validation,14,0.8967629075050354,0.21516752243041992
fit/_ResNet_SGD_kl_divergence_15/train,0,0.568395733833313,1.0416620969772339
fit/_ResNet_SGD_kl_divergence_15/train,1,0.7196323275566101,0.7646617293357849
fit/_ResNet_SGD_kl_divergence_15/train,2,0.7684394717216492,0.6467278003692627
fit/_ResNet_SGD_kl_divergence_15/train,3,0.7977675795555115,0.5836126208305359
fit/_ResNet_SGD_kl_divergence_15/train,4,0.8163712024688721,0.5319384336471558
fit/_ResNet_SGD_kl_divergence_15/train,5,0.8365069031715393,0.47461754083633423
fit/_ResNet_SGD_kl_divergence_15/train,6,0.8518275618553162,0.4256276488304138
fit/_ResNet_SGD_kl_divergence_15/train,7,0.8710877895355225,0.3770914375782013
fit/_ResNet_SGD_kl_divergence_15/train,8,0.8772160410881042,0.3606463670730591
fit/_ResNet_SGD_kl_divergence_15/train,9,0.8785291910171509,0.33811959624290466
fit/_ResNet_SGD_kl_divergence_15/train,10,0.8857517838478088,0.32158541679382324
fit/_ResNet_SGD_kl_divergence_15/train,11,0.897789478302002,0.29692238569259644
fit/_ResNet_SGD_kl_divergence_15/train,12,0.9072006940841675,0.26600417494773865
fit/_ResNet_SGD_kl_divergence_15/train,13,0.9183628559112549,0.24833141267299652
fit/_ResNet_SGD_kl_divergence_15/train,14,0.9144232869148254,0.2447138875722885
fit/_ResNet_SGD_kl_divergence_15/validation,0,0.7462817430496216,0.7527327537536621
fit/_ResNet_SGD_kl_divergence_15/validation,1,0.8057742714881897,0.6002093553543091
fit/_ResNet_SGD_kl_divergence_15/validation,2,0.8311461210250854,0.5021276473999023
fit/_ResNet_SGD_kl_divergence_15/validation,3,0.847769021987915,0.48990216851234436
fit/_ResNet_SGD_kl_divergence_15/validation,4,0.8547681570053101,0.44863301515579224
fit/_ResNet_SGD_kl_divergence_15/validation,5,0.8818897604942322,0.3595646917819977
fit/_ResNet_SGD_kl_divergence_15/validation,6,0.8766404390335083,0.3927530348300934
fit/_ResNet_SGD_kl_divergence_15/validation,7,0.8932633399963379,0.3298284709453583
fit/_ResNet_SGD_kl_divergence_15/validation,8,0.8967629075050354,0.33249157667160034
fit/_ResNet_SGD_kl_divergence_15/validation,9,0.90638667345047,0.2954428791999817
fit/_ResNet_SGD_kl_divergence_15/validation,10,0.9055117964744568,0.3212616443634033
fit/_ResNet_SGD_kl_divergence_15/validation,11,0.9125109314918518,0.30540183186531067
fit/_ResNet_SGD_kl_divergence_15/validation,12,0.9212598204612732,0.27630242705345154
fit/_ResNet_SGD_kl_divergence_15/validation,13,0.9151356220245361,0.28601452708244324
fit/_ResNet_SGD_kl_divergence_15/validation,14,0.9265092015266418,0.2504800260066986
fit/_VGG16_Adam_categorical_crossentropy_15/train,0,0.5876559615135193,0.9359177350997925
fit/_VGG16_Adam_categorical_crossentropy_15/train,1,0.8113372921943665,0.5170559883117676
fit/_VGG16_Adam_categorical_crossentropy_15/train,2,0.8774349093437195,0.36114299297332764
fit/_VGG16_Adam_categorical_crossentropy_15/train,3,0.9078572988510132,0.27291974425315857
fit/_VGG16_Adam_categorical_crossentropy_15/train,4,0.9212081432342529,0.23275601863861084
fit/_VGG16_Adam_categorical_crossentropy_15/train,5,0.933902382850647,0.2042442113161087
fit/_VGG16_Adam_categorical_crossentropy_15/train,6,0.9415627121925354,0.1697411686182022
fit/_VGG16_Adam_categorical_crossentropy_15/train,7,0.9468154907226562,0.16909682750701904
fit/_VGG16_Adam_categorical_crossentropy_15/train,8,0.9546946883201599,0.13092279434204102
fit/_VGG16_Adam_categorical_crossentropy_15/train,9,0.9542569518089294,0.13570798933506012
fit/_VGG16_Adam_categorical_crossentropy_15/train,10,0.9634493589401245,0.11792020499706268
fit/_VGG16_Adam_categorical_crossentropy_15/train,11,0.9616984128952026,0.121970534324646
fit/_VGG16_Adam_categorical_crossentropy_15/train,12,0.9647625088691711,0.10532326251268387
fit/_VGG16_Adam_categorical_crossentropy_15/train,13,0.9662945866584778,0.09984884411096573
fit/_VGG16_Adam_categorical_crossentropy_15/train,14,0.9732983112335205,0.09133550524711609
fit/_VGG16_Adam_categorical_crossentropy_15/validation,0,0.7716535329818726,0.568622350692749
fit/_VGG16_Adam_categorical_crossentropy_15/validation,1,0.887139081954956,0.32216718792915344
fit/_VGG16_Adam_categorical_crossentropy_15/validation,2,0.9160104990005493,0.2292746901512146
fit/_VGG16_Adam_categorical_crossentropy_15/validation,3,0.9090113639831543,0.261024534702301
fit/_VGG16_Adam_categorical_crossentropy_15/validation,4,0.8897637724876404,0.32910963892936707
fit/_VGG16_Adam_categorical_crossentropy_15/validation,5,0.9282589554786682,0.2694516181945801
fit/_VGG16_Adam_categorical_crossentropy_15/validation,6,0.9378827810287476,0.20905637741088867
fit/_VGG16_Adam_categorical_crossentropy_15/validation,7,0.8092738389968872,0.9295918941497803
fit/_VGG16_Adam_categorical_crossentropy_15/validation,8,0.9335083365440369,0.25800034403800964
fit/_VGG16_Adam_categorical_crossentropy_15/validation,9,0.9588801264762878,0.15530814230442047
fit/_VGG16_Adam_categorical_crossentropy_15/validation,10,0.9693788290023804,0.14800357818603516
fit/_VGG16_Adam_categorical_crossentropy_15/validation,11,0.9571303725242615,0.16357022523880005
fit/_VGG16_Adam_categorical_crossentropy_15/validation,12,0.9212598204612732,0.31717297434806824
fit/_VGG16_Adam_categorical_crossentropy_15/validation,13,0.9658792614936829,0.1570415049791336
fit/_VGG16_Adam_categorical_crossentropy_15/validation,14,0.9746281504631042,0.19202502071857452
fit/_VGG16_Adam_categorical_hinge_15/train,0,0.27270737290382385,1.0016593933105469
fit/_VGG16_Adam_categorical_hinge_15/train,1,0.26154518127441406,1.00001060962677
fit/_VGG16_Adam_categorical_hinge_15/train,2,0.25279054045677185,1.0000118017196655
fit/_VGG16_Adam_categorical_hinge_15/train,3,0.24666228890419006,1.0000112056732178
fit/_VGG16_Adam_categorical_hinge_15/train,4,0.25476035475730896,1.000011920928955
fit/_VGG16_Adam_categorical_hinge_15/train,5,0.2492886781692505,1.0000100135803223
fit/_VGG16_Adam_categorical_hinge_15/train,6,0.24272269010543823,1.0000107288360596
fit/_VGG16_Adam_categorical_hinge_15/train,7,0.24556796252727509,1.000010371208191
fit/_VGG16_Adam_categorical_hinge_15/train,8,0.2492886781692505,1.0000125169754028
fit/_VGG16_Adam_categorical_hinge_15/train,9,0.2576056122779846,1.0000114440917969
fit/_VGG16_Adam_categorical_hinge_15/train,10,0.25279054045677185,1.0000100135803223
fit/_VGG16_Adam_categorical_hinge_15/train,11,0.24600568413734436,1.0000108480453491
fit/_VGG16_Adam_categorical_hinge_15/train,12,0.25082075595855713,1.0000096559524536
fit/_VGG16_Adam_categorical_hinge_15/train,13,0.261107474565506,1.0000113248825073
fit/_VGG16_Adam_categorical_hinge_15/train,14,0.25519806146621704,1.0000107288360596
fit/_VGG16_Adam_categorical_hinge_15/validation,0,0.2703412175178528,1.0000107288360596
fit/_VGG16_Adam_categorical_hinge_15/validation,1,0.2703412175178528,1.0000078678131104
fit/_VGG16_Adam_categorical_hinge_15/validation,2,0.24146981537342072,1.0000108480453491
fit/_VGG16_Adam_categorical_hinge_15/validation,3,0.2703412175178528,1.0000271797180176
fit/_VGG16_Adam_categorical_hinge_15/validation,4,0.24146981537342072,1.0000108480453491
fit/_VGG16_Adam_categorical_hinge_15/validation,5,0.2187226563692093,1.000024437904358
fit/_VGG16_Adam_categorical_hinge_15/validation,6,0.24146981537342072,1.0000203847885132
fit/_VGG16_Adam_categorical_hinge_15/validation,7,0.2694663107395172,1.0000250339508057
fit/_VGG16_Adam_categorical_hinge_15/validation,8,0.2694663107395172,1.00002121925354
fit/_VGG16_Adam_categorical_hinge_15/validation,9,0.2187226563692093,1.0000061988830566
fit/_VGG16_Adam_categorical_hinge_15/validation,10,0.24146981537342072,1.000036597251892
fit/_VGG16_Adam_categorical_hinge_15/validation,11,0.2703412175178528,1.000023365020752
fit/_VGG16_Adam_categorical_hinge_15/validation,12,0.24146981537342072,1.000008463859558
fit/_VGG16_Adam_categorical_hinge_15/validation,13,0.2694663107395172,1.0000101327896118
fit/_VGG16_Adam_categorical_hinge_15/validation,14,0.2703412175178528,1.0000425577163696
fit/_VGG16_Adam_kl_divergence_15/train,0,0.6854891777038574,0.7619332671165466
fit/_VGG16_Adam_kl_divergence_15/train,1,0.8656160831451416,0.3744238317012787
fit/_VGG16_Adam_kl_divergence_15/train,2,0.9056686162948608,0.267636775970459
fit/_VGG16_Adam_kl_divergence_15/train,3,0.9229590892791748,0.21106071770191193
fit/_VGG16_Adam_kl_divergence_15/train,4,0.9358721971511841,0.18370327353477478
fit/_VGG16_Adam_kl_divergence_15/train,5,0.9446268081665039,0.17778527736663818
fit/_VGG16_Adam_kl_divergence_15/train,6,0.9527248740196228,0.1391485184431076
fit/_VGG16_Adam_kl_divergence_15/train,7,0.9536003470420837,0.14511746168136597
fit/_VGG16_Adam_kl_divergence_15/train,8,0.9636682271957397,0.11514631658792496
fit/_VGG16_Adam_kl_divergence_15/train,9,0.9647625088691711,0.10368237644433975
fit/_VGG16_Adam_kl_divergence_15/train,10,0.9658568501472473,0.10421784222126007
fit/_VGG16_Adam_kl_divergence_15/train,11,0.9684832692146301,0.10919059067964554
fit/_VGG16_Adam_kl_divergence_15/train,12,0.9715473651885986,0.10178551077842712
fit/_VGG16_Adam_kl_divergence_15/train,13,0.97286057472229,0.09347374737262726
fit/_VGG16_Adam_kl_divergence_15/train,14,0.9735171794891357,0.09128102660179138
fit/_VGG16_Adam_kl_divergence_15/validation,0,0.7786526679992676,0.5680821537971497
fit/_VGG16_Adam_kl_divergence_15/validation,1,0.9300087690353394,0.23711292445659637
fit/_VGG16_Adam_kl_divergence_15/validation,2,0.9308836460113525,0.20129196345806122
fit/_VGG16_Adam_kl_divergence_15/validation,3,0.946631669998169,0.15612943470478058
fit/_VGG16_Adam_kl_divergence_15/validation,4,0.9370078444480896,0.19456350803375244
fit/_VGG16_Adam_kl_divergence_15/validation,5,0.9212598204612732,0.2889567017555237
fit/_VGG16_Adam_kl_divergence_15/validation,6,0.9378827810287476,0.20300577580928802
fit/_VGG16_Adam_kl_divergence_15/validation,7,0.9492563605308533,0.1576351374387741
fit/_VGG16_Adam_kl_divergence_15/validation,8,0.9632545709609985,0.12348184734582901
fit/_VGG16_Adam_kl_divergence_15/validation,9,0.960629940032959,0.19470475614070892
fit/_VGG16_Adam_kl_divergence_15/validation,10,0.9658792614936829,0.1446206271648407
fit/_VGG16_Adam_kl_divergence_15/validation,11,0.9650043845176697,0.12484622746706009
fit/_VGG16_Adam_kl_divergence_15/validation,12,0.9431321024894714,0.2048305869102478
fit/_VGG16_Adam_kl_divergence_15/validation,13,0.9632545709609985,0.16643556952476501
fit/_VGG16_Adam_kl_divergence_15/validation,14,0.93438321352005,0.23450227081775665
fit/_VGG16_NAdam_categorical_crossentropy_15/train,0,0.747428297996521,0.6532857418060303
fit/_VGG16_NAdam_categorical_crossentropy_15/train,1,0.8848763108253479,0.3181268572807312
fit/_VGG16_NAdam_categorical_crossentropy_15/train,2,0.9212081432342529,0.23998881876468658
fit/_VGG16_NAdam_categorical_crossentropy_15/train,3,0.9299628138542175,0.20866939425468445
fit/_VGG16_NAdam_categorical_crossentropy_15/train,4,0.9415627121925354,0.16543549299240112
fit/_VGG16_NAdam_categorical_crossentropy_15/train,5,0.9472532272338867,0.15341195464134216
fit/_VGG16_NAdam_categorical_crossentropy_15/train,6,0.9562267661094666,0.14004641771316528
fit/_VGG16_NAdam_categorical_crossentropy_15/train,7,0.9647625088691711,0.11782433092594147
fit/_VGG16_NAdam_categorical_crossentropy_15/train,8,0.9619172811508179,0.11478140205144882
fit/_VGG16_NAdam_categorical_crossentropy_15/train,9,0.9669511914253235,0.11952238529920578
fit/_VGG16_NAdam_categorical_crossentropy_15/train,10,0.9680455327033997,0.10518871247768402
fit/_VGG16_NAdam_categorical_crossentropy_15/train,11,0.97723788022995,0.08575249463319778
fit/_VGG16_NAdam_categorical_crossentropy_15/train,12,0.9719851016998291,0.09600431472063065
fit/_VGG16_NAdam_categorical_crossentropy_15/train,13,0.9768002033233643,0.08687148988246918
fit/_VGG16_NAdam_categorical_crossentropy_15/train,14,0.9776756167411804,0.07104889303445816
fit/_VGG16_NAdam_categorical_crossentropy_15/validation,0,0.8967629075050354,0.27842259407043457
fit/_VGG16_NAdam_categorical_crossentropy_15/validation,1,0.8503937125205994,0.4743140637874603
fit/_VGG16_NAdam_categorical_crossentropy_15/validation,2,0.9475065469741821,0.15367799997329712
fit/_VGG16_NAdam_categorical_crossentropy_15/validation,3,0.927384078502655,0.23578643798828125
fit/_VGG16_NAdam_categorical_crossentropy_15/validation,4,0.9300087690353394,0.25248584151268005
fit/_VGG16_NAdam_categorical_crossentropy_15/validation,5,0.9361329674720764,0.2209828495979309
fit/_VGG16_NAdam_categorical_crossentropy_15/validation,6,0.9405074119567871,0.25485309958457947
fit/_VGG16_NAdam_categorical_crossentropy_15/validation,7,0.9580052495002747,0.17129547894001007
fit/_VGG16_NAdam_categorical_crossentropy_15/validation,8,0.959755003452301,0.15525588393211365
fit/_VGG16_NAdam_categorical_crossentropy_15/validation,9,0.946631669998169,0.1897994875907898
fit/_VGG16_NAdam_categorical_crossentropy_15/validation,10,0.9448819160461426,0.251078724861145
fit/_VGG16_NAdam_categorical_crossentropy_15/validation,11,0.9378827810287476,0.26485317945480347
fit/_VGG16_NAdam_categorical_crossentropy_15/validation,12,0.966754138469696,0.11125420778989792
fit/_VGG16_NAdam_categorical_crossentropy_15/validation,13,0.9693788290023804,0.13574722409248352
fit/_VGG16_NAdam_categorical_crossentropy_15/validation,14,0.9737532734870911,0.12171623855829239
fit/_VGG16_NAdam_categorical_hinge_15/train,0,0.28080543875694275,1.4312500953674316
fit/_VGG16_NAdam_categorical_hinge_15/train,1,0.28146201372146606,1.4370759725570679
fit/_VGG16_NAdam_categorical_hinge_15/train,2,0.28146201372146606,1.4370759725570679
fit/_VGG16_NAdam_categorical_hinge_15/train,3,0.28146201372146606,1.4370759725570679
fit/_VGG16_NAdam_categorical_hinge_15/train,4,0.28146201372146606,1.4370759725570679
fit/_VGG16_NAdam_categorical_hinge_15/train,5,0.28146201372146606,1.4370759725570679
fit/_VGG16_NAdam_categorical_hinge_15/train,6,0.28146201372146606,1.4370759725570679
fit/_VGG16_NAdam_categorical_hinge_15/train,7,0.28146201372146606,1.4370759725570679
fit/_VGG16_NAdam_categorical_hinge_15/train,8,0.28146201372146606,1.4370759725570679
fit/_VGG16_NAdam_categorical_hinge_15/train,9,0.28146201372146606,1.4370759725570679
fit/_VGG16_NAdam_categorical_hinge_15/train,10,0.28146201372146606,1.4370759725570679
fit/_VGG16_NAdam_categorical_hinge_15/train,11,0.28146201372146606,1.4370759725570679
fit/_VGG16_NAdam_categorical_hinge_15/train,12,0.28146201372146606,1.4370759725570679
fit/_VGG16_NAdam_categorical_hinge_15/train,13,0.28146201372146606,1.4370759725570679
fit/_VGG16_NAdam_categorical_hinge_15/train,14,0.28146201372146606,1.4370759725570679
fit/_VGG16_NAdam_categorical_hinge_15/validation,0,0.2703412175178528,1.4593175649642944
fit/_VGG16_NAdam_categorical_hinge_15/validation,1,0.2703412175178528,1.4593175649642944
fit/_VGG16_NAdam_categorical_hinge_15/validation,2,0.2703412175178528,1.4593175649642944
fit/_VGG16_NAdam_categorical_hinge_15/validation,3,0.2703412175178528,1.4593175649642944
fit/_VGG16_NAdam_categorical_hinge_15/validation,4,0.2703412175178528,1.4593175649642944
fit/_VGG16_NAdam_categorical_hinge_15/validation,5,0.2703412175178528,1.4593175649642944
fit/_VGG16_NAdam_categorical_hinge_15/validation,6,0.2703412175178528,1.4593175649642944
fit/_VGG16_NAdam_categorical_hinge_15/validation,7,0.2703412175178528,1.4593175649642944
fit/_VGG16_NAdam_categorical_hinge_15/validation,8,0.2703412175178528,1.4593175649642944
fit/_VGG16_NAdam_categorical_hinge_15/validation,9,0.2703412175178528,1.4593175649642944
fit/_VGG16_NAdam_categorical_hinge_15/validation,10,0.2703412175178528,1.4593175649642944
fit/_VGG16_NAdam_categorical_hinge_15/validation,11,0.2703412175178528,1.4593175649642944
fit/_VGG16_NAdam_categorical_hinge_15/validation,12,0.2703412175178528,1.4593175649642944
fit/_VGG16_NAdam_categorical_hinge_15/validation,13,0.2703412175178528,1.4593175649642944
fit/_VGG16_NAdam_categorical_hinge_15/validation,14,0.2703412175178528,1.4593175649642944
fit/_VGG16_NAdam_kl_divergence_15/train,0,0.7542131543159485,0.6327349543571472
fit/_VGG16_NAdam_kl_divergence_15/train,1,0.8899102807044983,0.317247211933136
fit/_VGG16_NAdam_kl_divergence_15/train,2,0.9185817241668701,0.23229572176933289
fit/_VGG16_NAdam_kl_divergence_15/train,3,0.936747670173645,0.1937548965215683
fit/_VGG16_NAdam_kl_divergence_15/train,4,0.9481287002563477,0.16640573740005493
fit/_VGG16_NAdam_kl_divergence_15/train,5,0.9531626105308533,0.14649946987628937
fit/_VGG16_NAdam_kl_divergence_15/train,6,0.9603852033615112,0.12550188601016998
fit/_VGG16_NAdam_kl_divergence_15/train,7,0.9616984128952026,0.11763594299554825
fit/_VGG16_NAdam_kl_divergence_15/train,8,0.9645436406135559,0.11006607860326767
fit/_VGG16_NAdam_kl_divergence_15/train,9,0.9649813771247864,0.12002190202474594
fit/_VGG16_NAdam_kl_divergence_15/train,10,0.9684832692146301,0.10228917747735977
fit/_VGG16_NAdam_kl_divergence_15/train,11,0.9693587422370911,0.11508418619632721
fit/_VGG16_NAdam_kl_divergence_15/train,12,0.9739549160003662,0.08247344195842743
fit/_VGG16_NAdam_kl_divergence_15/train,13,0.9722039699554443,0.08324577659368515
fit/_VGG16_NAdam_kl_divergence_15/train,14,0.9684832692146301,0.10314750671386719
fit/_VGG16_NAdam_kl_divergence_15/validation,0,0.8967629075050354,0.3075067102909088
fit/_VGG16_NAdam_kl_divergence_15/validation,1,0.9483814239501953,0.17975041270256042
fit/_VGG16_NAdam_kl_divergence_15/validation,2,0.9055117964744568,0.2771909534931183
fit/_VGG16_NAdam_kl_divergence_15/validation,3,0.9300087690353394,0.23317945003509521
fit/_VGG16_NAdam_kl_divergence_15/validation,4,0.946631669998169,0.1573711782693863
fit/_VGG16_NAdam_kl_divergence_15/validation,5,0.9370078444480896,0.19639793038368225
fit/_VGG16_NAdam_kl_divergence_15/validation,6,0.960629940032959,0.18446312844753265
fit/_VGG16_NAdam_kl_divergence_15/validation,7,0.967629075050354,0.1354021430015564
fit/_VGG16_NAdam_kl_divergence_15/validation,8,0.9580052495002747,0.21362708508968353
fit/_VGG16_NAdam_kl_divergence_15/validation,9,0.967629075050354,0.11601503193378448
fit/_VGG16_NAdam_kl_divergence_15/validation,10,0.9072616100311279,0.27893874049186707
fit/_VGG16_NAdam_kl_divergence_15/validation,11,0.960629940032959,0.17079950869083405
fit/_VGG16_NAdam_kl_divergence_15/validation,12,0.9790025949478149,0.10026964545249939
fit/_VGG16_NAdam_kl_divergence_15/validation,13,0.966754138469696,0.14185698330402374
fit/_VGG16_NAdam_kl_divergence_15/validation,14,0.9588801264762878,0.1507892906665802
fit/_VGG16_SGD_categorical_crossentropy_15/train,0,0.6997154951095581,0.7573195099830627
fit/_VGG16_SGD_categorical_crossentropy_15/train,1,0.8586123585700989,0.385614275932312
fit/_VGG16_SGD_categorical_crossentropy_15/train,2,0.8899102807044983,0.29362747073173523
fit/_VGG16_SGD_categorical_crossentropy_15/train,3,0.913110077381134,0.23636171221733093
fit/_VGG16_SGD_categorical_crossentropy_15/train,4,0.9214270114898682,0.20766456425189972
fit/_VGG16_SGD_categorical_crossentropy_15/train,5,0.9332457780838013,0.1833362579345703
fit/_VGG16_SGD_categorical_crossentropy_15/train,6,0.9393740296363831,0.15967442095279694
fit/_VGG16_SGD_categorical_crossentropy_15/train,7,0.9479098320007324,0.1433701366186142
fit/_VGG16_SGD_categorical_crossentropy_15/train,8,0.9522871375083923,0.12659411132335663
fit/_VGG16_SGD_categorical_crossentropy_15/train,9,0.9555701613426208,0.11863063275814056
fit/_VGG16_SGD_categorical_crossentropy_15/train,10,0.9597285985946655,0.10638182610273361
fit/_VGG16_SGD_categorical_crossentropy_15/train,11,0.9632304906845093,0.09986571967601776
fit/_VGG16_SGD_categorical_crossentropy_15/train,12,0.9676077961921692,0.09092815220355988
fit/_VGG16_SGD_categorical_crossentropy_15/train,13,0.9715473651885986,0.0831090435385704
fit/_VGG16_SGD_categorical_crossentropy_15/train,14,0.9700153470039368,0.07879502326250076
fit/_VGG16_SGD_categorical_crossentropy_15/validation,0,0.8635170459747314,0.378166526556015
fit/_VGG16_SGD_categorical_crossentropy_15/validation,1,0.887139081954956,0.325701504945755
fit/_VGG16_SGD_categorical_crossentropy_15/validation,2,0.9107611775398254,0.24424026906490326
fit/_VGG16_SGD_categorical_crossentropy_15/validation,3,0.9020122289657593,0.26844626665115356
fit/_VGG16_SGD_categorical_crossentropy_15/validation,4,0.9405074119567871,0.18242262303829193
fit/_VGG16_SGD_categorical_crossentropy_15/validation,5,0.9352580904960632,0.16769903898239136
fit/_VGG16_SGD_categorical_crossentropy_15/validation,6,0.9186351895332336,0.23015470802783966
fit/_VGG16_SGD_categorical_crossentropy_15/validation,7,0.9422572255134583,0.17734025418758392
fit/_VGG16_SGD_categorical_crossentropy_15/validation,8,0.9352580904960632,0.18994122743606567
fit/_VGG16_SGD_categorical_crossentropy_15/validation,9,0.9431321024894714,0.14786399900913239
fit/_VGG16_SGD_categorical_crossentropy_15/validation,10,0.9361329674720764,0.1773497313261032
fit/_VGG16_SGD_categorical_crossentropy_15/validation,11,0.9326333999633789,0.17923292517662048
fit/_VGG16_SGD_categorical_crossentropy_15/validation,12,0.9457567930221558,0.16312183439731598
fit/_VGG16_SGD_categorical_crossentropy_15/validation,13,0.9553805589675903,0.13038218021392822
fit/_VGG16_SGD_categorical_crossentropy_15/validation,14,0.9545056819915771,0.13532987236976624
fit/_VGG16_SGD_categorical_hinge_15/train,0,0.5692711472511292,0.9135707020759583
fit/_VGG16_SGD_categorical_hinge_15/train,1,0.7653753757476807,0.5062077641487122
fit/_VGG16_SGD_categorical_hinge_15/train,2,0.8316918611526489,0.3622375428676605
fit/_VGG16_SGD_categorical_hinge_15/train,3,0.8601444363594055,0.29724517464637756
fit/_VGG16_SGD_categorical_hinge_15/train,4,0.8743707537651062,0.26263427734375
fit/_VGG16_SGD_categorical_hinge_15/train,5,0.8881593346595764,0.23934730887413025
fit/_VGG16_SGD_categorical_hinge_15/train,6,0.8971328735351562,0.21705502271652222
fit/_VGG16_SGD_categorical_hinge_15/train,7,0.8993214964866638,0.21040527522563934
fit/_VGG16_SGD_categorical_hinge_15/train,8,0.9124534726142883,0.1900060474872589
fit/_VGG16_SGD_categorical_hinge_15/train,9,0.919457197189331,0.1737901270389557
fit/_VGG16_SGD_categorical_hinge_15/train,10,0.9181439876556396,0.16963474452495575
fit/_VGG16_SGD_categorical_hinge_15/train,11,0.9288684725761414,0.15312360227108002
fit/_VGG16_SGD_categorical_hinge_15/train,12,0.9310570955276489,0.14861875772476196
fit/_VGG16_SGD_categorical_hinge_15/train,13,0.9376230835914612,0.13569357991218567
fit/_VGG16_SGD_categorical_hinge_15/train,14,0.9406872391700745,0.1311226189136505
fit/_VGG16_SGD_categorical_hinge_15/validation,0,0.7917760014533997,0.6126470565795898
fit/_VGG16_SGD_categorical_hinge_15/validation,1,0.7777777910232544,0.4807176887989044
fit/_VGG16_SGD_categorical_hinge_15/validation,2,0.8915135860443115,0.23061294853687286
fit/_VGG16_SGD_categorical_hinge_15/validation,3,0.9046369194984436,0.19890452921390533
fit/_VGG16_SGD_categorical_hinge_15/validation,4,0.9081364870071411,0.19165287911891937
fit/_VGG16_SGD_categorical_hinge_15/validation,5,0.9107611775398254,0.19185660779476166
fit/_VGG16_SGD_categorical_hinge_15/validation,6,0.8985126614570618,0.203124538064003
fit/_VGG16_SGD_categorical_hinge_15/validation,7,0.9081364870071411,0.18576543033123016
fit/_VGG16_SGD_categorical_hinge_15/validation,8,0.9256343245506287,0.15200375020503998
fit/_VGG16_SGD_categorical_hinge_15/validation,9,0.9090113639831543,0.19276374578475952
fit/_VGG16_SGD_categorical_hinge_15/validation,10,0.9186351895332336,0.16460682451725006
fit/_VGG16_SGD_categorical_hinge_15/validation,11,0.93438321352005,0.14094042778015137
fit/_VGG16_SGD_categorical_hinge_15/validation,12,0.9265092015266418,0.14797134697437286
fit/_VGG16_SGD_categorical_hinge_15/validation,13,0.8521434664726257,0.29683130979537964
fit/_VGG16_SGD_categorical_hinge_15/validation,14,0.9361329674720764,0.1298532634973526
fit/_VGG16_SGD_kl_divergence_15/train,0,0.7038739323616028,0.7514374852180481
fit/_VGG16_SGD_kl_divergence_15/train,1,0.8476690649986267,0.41304296255111694
fit/_VGG16_SGD_kl_divergence_15/train,2,0.8857517838478088,0.31234365701675415
fit/_VGG16_SGD_kl_divergence_15/train,3,0.8997592329978943,0.26496216654777527
fit/_VGG16_SGD_kl_divergence_15/train,4,0.9122346043586731,0.2250111997127533
fit/_VGG16_SGD_kl_divergence_15/train,5,0.926679790019989,0.1916116178035736
fit/_VGG16_SGD_kl_divergence_15/train,6,0.9343401193618774,0.1740667074918747
fit/_VGG16_SGD_kl_divergence_15/train,7,0.9450645446777344,0.1502341479063034
fit/_VGG16_SGD_kl_divergence_15/train,8,0.9503173828125,0.13987793028354645
fit/_VGG16_SGD_kl_divergence_15/train,9,0.9511927962303162,0.13021038472652435
fit/_VGG16_SGD_kl_divergence_15/train,10,0.9551324248313904,0.11750467121601105
fit/_VGG16_SGD_kl_divergence_15/train,11,0.9649813771247864,0.10353560000658035
fit/_VGG16_SGD_kl_divergence_15/train,12,0.9649813771247864,0.10101733356714249
fit/_VGG16_SGD_kl_divergence_15/train,13,0.9684832692146301,0.09198478609323502
fit/_VGG16_SGD_kl_divergence_15/train,14,0.9739549160003662,0.08005525171756744
fit/_VGG16_SGD_kl_divergence_15/validation,0,0.8486438989639282,0.4349358379840851
fit/_VGG16_SGD_kl_divergence_15/validation,1,0.8906386494636536,0.31892362236976624
fit/_VGG16_SGD_kl_divergence_15/validation,2,0.8722659945487976,0.35891270637512207
fit/_VGG16_SGD_kl_divergence_15/validation,3,0.9230096340179443,0.19923894107341766
fit/_VGG16_SGD_kl_divergence_15/validation,4,0.9256343245506287,0.1954895406961441
fit/_VGG16_SGD_kl_divergence_15/validation,5,0.9221347570419312,0.2082943320274353
fit/_VGG16_SGD_kl_divergence_15/validation,6,0.92038494348526,0.20904190838336945
fit/_VGG16_SGD_kl_divergence_15/validation,7,0.9352580904960632,0.1870698183774948
fit/_VGG16_SGD_kl_divergence_15/validation,8,0.8591426014900208,0.42415279150009155
fit/_VGG16_SGD_kl_divergence_15/validation,9,0.9413823485374451,0.17026761174201965
fit/_VGG16_SGD_kl_divergence_15/validation,10,0.9615048170089722,0.1202242374420166
fit/_VGG16_SGD_kl_divergence_15/validation,11,0.9588801264762878,0.1232842355966568
fit/_VGG16_SGD_kl_divergence_15/validation,12,0.9405074119567871,0.16108767688274384
fit/_VGG16_SGD_kl_divergence_15/validation,13,0.9431321024894714,0.1857219636440277
fit/_VGG16_SGD_kl_divergence_15/validation,14,0.9370078444480896,0.2300630807876587
